;ID;Ty;Ht;Gprimest;G1_MAF;G2_MAF;G3_MAF;G4_MAF;G5_MAF;G6_MAF;G7_MAF;UL;UR;REF;ALT
1;INDEL_lower_pa;INS;0,13265306122449;0,502958579881657;1;1;1;1;0,991304347826087;0,993103448275862;0,796875;176;113;ac;a
2;INDEL_lower_pat;INS;0,408163265306122;0,44;0,217877094972067;0,126050420168067;0,16580310880829;0,213438735177866;0,104972375690608;0,139072847682119;0,203883495145631;318;96;tt;t
3;INDEL_lower_path;INS;0;NA;0,911870503597122;0,910915934755333;0,887052341597796;0,909963985594238;0,890681003584229;0,918032786885246;0,933333333333333;94;341;ctg;c
4;INDEL_lower_path;INS;0;NA;0,985981308411215;0,96474358974359;0,96958174904943;0,930722891566265;0,936758893280632;0,962655601659751;0,881188118811881;206;53;ataggt;a
5;INDEL_lower_path;INS;0,5;0;0,485207100591716;0,61890243902439;0,656565656565657;0,65546218487395;0,649895178197065;0,5850622406639;0,650602409638554;55;94;gt;g
6;INDEL_lower_pat;INS;0,13265306122449;0,502958579881657;0,0860215053763441;0,084942084942085;0,0642570281124498;0,0988023952095808;0,101626016260163;0,0809859154929577;0,240506329113924;126;79;ga;g
7;INDEL_lower_path;INS;0,336734693877551;0,479338842975207;0,892307692307692;0,821428571428571;0,820069204152249;0,866894197952218;0,854330708661417;0,813765182186235;0,88;78;66;cacaccg;c
8;INDEL_lower_path;INS;0,459183673469388;0,366255144032922;0,152439024390244;0,164705882352941;0,129251700680272;0,174418604651163;0,195945945945946;0,0704225352112676;0,483333333333333;68;50;tt;t
9;INDEL_lower_path;INS;0,5;0;0,769452449567723;0,746136865342163;0,736453201970443;0,841140529531568;0,67109634551495;0,733333333333333;0,724489795918367;59;127;ca;c
10;INDEL_lower_pat;INS;0,5;0;0,245283018867924;0,350877192982456;0,408;0,318032786885246;0,276859504132231;0,387387387387387;0,431372549019608;57;83;ga;g
11;INDEL_lower_pat;INS;0,5;NA;0,720720720720721;0,666666666666667;0,761467889908257;0,727777777777778;0,645161290322581;0,737373737373737;0,538461538461538;73;71;ta;t
12;INDEL_lower_path;INS;0,244897959183674;0,497685185185185;0,766743648960739;0,853281853281853;0,877862595419847;0,840630472854641;0,927152317880795;0,864559819413093;0,910714285714286;51;108;gg;g
13;INDEL_lower_pat;INS;0,5;0;0,784172661870504;0,712820512820513;0,687898089171975;0,64367816091954;0,801418439716312;0,653061224489796;0,666666666666667;204;66;gcatgtttgtgttcaatta;g
14;INDEL_lower_path;INS;0,5;0;0,681592039800995;0,693602693602694;0,71830985915493;0,649305555555556;0,631868131868132;0,724444444444444;0,297297297297297;124;54;ct;c
15;INDEL_lower_path;INS;0,459183673469388;0,366255144032922;0,879032258064516;0,80859375;0,803370786516854;0,719626168224299;0,724137931034483;0,704;0,934426229508197;75;68;ctg;c
16;INDEL_lower_path;INS;0,5;0;0,741687979539642;0,76043956043956;0,765957446808511;0,719081272084806;0,713768115942029;0,709480122324159;0,842696629213483;214;98;agt;a
17;INDEL_lower_path;INS;0,5;0;0,767326732673267;0,726923076923077;0,821621621621622;0,754646840148699;0,783333333333333;0,741176470588235;0,777777777777778;157;74;tcttttgcttatt;t
18;INDEL_lower_path;INS;0,489795918367347;0,234375;0,734567901234568;0,804979253112033;0,717514124293785;0,807377049180328;0,824561403508772;0,845161290322581;0,91044776119403;169;130;cc;c
19;INDEL_lower_path;INS;0,5;0;0,431818181818182;0,349315068493151;0,415929203539823;0,319148936170213;0,453488372093023;0,389473684210526;0,543859649122807;82;55;cga;c
20;INDEL_lower_path;INS;0,5;NA;0,292307692307692;0,163135593220339;0,192182410423453;0,206971677559913;0,14878892733564;0,279569892473118;0,396825396825397;99;101;ag;a
21;INDEL_lower_pat;INS;0,5;0;0,374331550802139;0,319148936170213;0,310160427807487;0,400696864111498;0,275;0,383116883116883;0,338235294117647;160;172;ctt;c
22;INDEL_lower_pa;INS;0,336734693877551;0,479338842975207;0,844036697247706;0,897435897435897;0,819188191881919;0,878125;0,797356828193833;0,911214953271028;0,982758620689655;97;114;ctg;c
23;INDEL_lower_path;INS;0,13265306122449;0,502958579881657;0,12;0,098314606741573;0,0463917525773195;0,112554112554113;0,1171875;0,0765027322404371;0,372549019607843;85;57;ac;a
24;INDEL_lower_pat;INS;0,5;0;0,651376146788991;0,621621621621622;0,554744525547445;0,61025641025641;0,580357142857143;0,549295774647887;0,384615384615385;72;74;ca;c
25;INDEL_lower_path;INS;0,5;0;0,289655172413793;0,270114942528736;0,265734265734266;0,196319018404908;0,327433628318584;0,205882352941177;0,346153846153846;188;282;gg;g
26;INDEL_lower_path;INS;0;NA;0,05;0,0871080139372822;0,0811808118081181;0,0816326530612245;0,146974063400576;0,069620253164557;0,027027027027027;62;77;tt;t
27;INDEL_lower_pat;INS;0;NA;0,996875;0,994550408719346;1;1;0,991869918699187;0,994082840236686;0,864864864864865;60;57;aaatttattga;a
28;INDEL_lower_pat;INS;0,5;0;0,6996336996337;0,68904593639576;0,704545454545455;0,753246753246753;0,642424242424242;0,736625514403292;0,230769230769231;173;134;tgcgcagttg;t
29;INDEL_lower_path;INS;0,489795918367347;0,234375;0,718232044198895;0,771276595744681;0,748466257668712;0,768;0,672955974842767;0,724719101123595;0,864406779661017;115;164;gc;g
30;INDEL_lower_pat;INS;0,489795918367347;0,234375;0,34983498349835;0,304498269896194;0,258883248730964;0,313846153846154;0,264423076923077;0,174545454545455;0,115384615384615;173;108;at;a
31;INDEL_lower_pat;INS;0,489795918367347;0,234375;0,75;0,711764705882353;0,628205128205128;0,698863636363636;0,713286713286713;0,593406593406593;0,886075949367089;52;103;tc;t
32;INDEL_lower_path;INS;0,5;0;0,551020408163265;0,673306772908367;0,572164948453608;0,691056910569106;0,603260869565217;0,641025641025641;0,423913043478261;194;86;ca;c
33;INDEL_lower_pa;INS;0,459183673469388;0,366255144032922;0,808;0,81151832460733;0,810344827586207;0,927835051546392;0,841176470588235;0,887096774193548;0,746666666666667;113;61;aa;a
34;INDEL_lower_pat;INS;0,336734693877551;0,479338842975207;0,877300613496933;0,774590163934426;0,867647058823529;0,865116279069767;0,827777777777778;0,730232558139535;0,857142857142857;73;100;ggtaaattggatcag;g
35;INDEL_lower_path;INS;0,489795918367347;0,234375;0,85929648241206;0,742990654205608;0,84390243902439;0,755725190839695;0,783582089552239;0,85;0,746031746031746;261;143;at;a
36;INDEL_lower_path;INS;0,5;0;0,693333333333333;0,637795275590551;0,659574468085106;0,709090909090909;0,583333333333333;0,782051282051282;0,535714285714286;50;63;gca;g
37;INDEL_lower_path;INS;0,13265306122449;0,502958579881657;0,0348837209302325;0,0396039603960396;0,0443037974683544;0,0405727923627685;0,0607734806629834;0,0915254237288136;0,194029850746269;75;58;ac;a
38;INDEL_lower_pat;INS;0,5;0;0,209302325581395;0,284883720930233;0,172043010752688;0,293375394321767;0,345029239766082;0,330188679245283;0,402597402597403;110;166;cac;c
39;INDEL_lower_pa;INS;0;NA;0,862232779097387;0,936685288640596;0,95632183908046;0,962662337662338;0,920634920634921;0,974874371859296;0,906040268456376;94;198;ga;g
40;INDEL_lower_path;INS;0,5;0;0,463054187192118;0,22972972972973;0,361233480176211;0,297709923664122;0,261904761904762;0,323076923076923;0,178571428571429;78;66;tg;t
41;INDEL_lower_pat;INS;0,13265306122449;0,502958579881657;0,975961538461538;0,970588235294118;0,986175115207373;0,975308641975309;0,990384615384615;1;0,738095238095238;101;74;aact;a
42;INDEL_lower_path;INS;0,489795918367347;0,234375;0,376623376623377;0,341818181818182;0,415841584158416;0,323529411764706;0,252212389380531;0,242553191489362;0,144927536231884;110;76;aagatggtggtaaagcagtga;a
43;INDEL_lower_pat;INS;0,13265306122449;0,502958579881657;0,809437386569873;0,859467455621302;0,913200723327306;0,907142857142857;0,951063829787234;0,911987860394537;0,98125;59;108;at;a
44;INDEL_lower_path;INS;0,489795918367347;0,234375;0,725274725274725;0,652777777777778;0,669856459330143;0,714828897338403;0,732673267326733;0,637254901960784;0,942307692307692;104;148;atccagg;a
45;INDEL_lower_path;INS;0,5;0;0,370967741935484;0,405622489959839;0,351515151515152;0,446236559139785;0,459677419354839;0,315789473684211;0,428571428571429;60;99;ca;c
46;INDEL_lower_path;INS;0,489795918367347;0,234375;0,244;0,344213649851632;0,234527687296417;0,377777777777778;0,348360655737705;0,276595744680851;0,0963855421686747;122;259;taa;t
47;INDEL_lower_pat;INS;0,489795918367347;0,234375;0,837837837837838;0,807228915662651;0,830357142857143;0,852112676056338;0,79040404040404;0,795620437956204;0,830508474576271;171;102;ca;c
48;INDEL_lower_pa;INS;0,489795918367347;0,234375;0,663082437275986;0,660574412532637;0,687002652519894;0,793587174348697;0,702702702702703;0,731182795698925;0,961165048543689;152;82;ga;g
49;INDEL_lower_path;INS;0,5;0;0,453932584269663;0,52088772845953;0,468330134357006;0,478571428571429;0,502564102564103;0,426190476190476;0,767045454545455;54;58;att;a
50;INDEL_lower_pat;INS;0,5;0;0,818435754189944;0,710462287104623;0,708333333333333;0,743455497382199;0,649122807017544;0,623246492985972;0,569767441860465;76;57;gcc;g
51;INDEL_lower_pat;INS;0,5;0;0,446280991735537;0,513931888544892;0,482084690553746;0,359249329758713;0,541125541125541;0,448387096774194;0,280487804878049;89;63;ag;a
52;INDEL_lower_path;INS;0,5;0;0,546728971962617;0,565737051792829;0,553846153846154;0,607784431137725;0,464285714285714;0,431924882629108;0,550724637681159;66;143;ccc;c
53;INDEL_lower_path;INS;0,336734693877551;0,479338842975207;0,933884297520661;0,861702127659574;0,88034188034188;0,906474820143885;0,829268292682927;0,759615384615385;0,452830188679245;53;164;ct;c
54;INDEL_lower_path;INS;0,13265306122449;0,502958579881657;0,142857142857143;0,109717868338558;0,130742049469965;0,0984126984126984;0,130630630630631;0,132478632478632;0,388888888888889;107;72;ttagtacactgtatgtatg;t
55;INDEL_lower_path;INS;0,489795918367347;0,234375;0,300429184549356;0,238636363636364;0,290196078431373;0,243161094224924;0,251572327044025;0,360902255639098;0,123595505617977;83;63;tt;t
56;INDEL_lower_path;INS;0;NA;0,915335463258786;0,960283687943262;0,976712328767123;0,990939977349943;0,998069498069498;0,984227129337539;1;274;83;tgat;t
57;INDEL_lower_pat;INS;0,5;0;0,571428571428571;0,584070796460177;0,622448979591837;0,461538461538462;0,448275862068966;0,483333333333333;0,333333333333333;91;100;ctg;c
58;INDEL_lower_pa;INS;0,13265306122449;0,502958579881657;0,855614973262032;0,90625;0,890350877192982;0,944117647058824;0,900523560209424;0,940366972477064;0,698630136986301;57;61;gt;g
59;INDEL_lower_path;INS;0,5;0;0,475982532751092;0,51864406779661;0,49802371541502;0,451388888888889;0,471615720524017;0,534782608695652;0,4375;158;144;ccc;c
60;INDEL_lower_path;INS;0,5;0;0,651842439644219;0,477183833116037;0,55363748458693;0,543156059285091;0,426111908177905;0,428402366863905;0,705426356589147;57;65;aa;a
61;INDEL_lower_path;INS;0,408163265306122;0,44;0,050561797752809;0,131034482758621;0,236286919831224;0,224806201550388;0,251428571428571;0,154589371980676;0,141304347826087;203;51;ag;a
62;INDEL_lower_pa;INS;0,5;0;0,469914040114613;0,331742243436754;0,378109452736318;0,302083333333333;0,286144578313253;0,438485804416404;0,243589743589744;140;53;ga;g
63;INDEL_lower_path;INS;0;NA;1;0,997241379310345;1;0,997010463378176;1;0,997885835095137;0,962655601659751;76;70;agggcacgccaacgactgagttttgtacgaaccacaggagatctttccCGCCAAGCAC;a
64;INDEL_lower_path;INS;0;NA;1;0,997245179063361;1;0,996987951807229;1;0,997881355932203;0,96137339055794;76;70;agggcacgccaacgactgagttttgtacgaaccacaggagatctttccCGCCAAGCAC;a
65;INDEL_lower_pat;INS;0,336734693877551;0,479338842975207;0,84887459807074;0,826347305389222;0,872262773722628;0,833333333333333;0,853535353535354;0,882352941176471;0,936507936507937;186;217;aaagaccgtcac;a
66;INDEL_lower_path;INS;0,459183673469388;0,366255144032922;0,325301204819277;0,183574879227053;0,2;0,127777777777778;0,245161290322581;0,214285714285714;0,032967032967033;63;58;tggttct;t
67;INDEL_lower_path;INS;0;NA;1;0,938110749185668;0,927038626609442;0,875478927203065;0,963218390804598;0,977186311787072;0,961832061068702;63;235;ctgctgta;c
68;INDEL_lower_path;INS;0,489795918367347;0,234375;0,133858267716535;0,271523178807947;0,326666666666667;0,270440251572327;0,3;0,216049382716049;0,407407407407407;53;135;agaggggga;a
69;INDEL_lower_pat;INS;0,5;0;0,484848484848485;0,549549549549549;0,432432432432432;0,476394849785408;0,441717791411043;0,603351955307263;0,176470588235294;170;66;gataatccgtccctctagctcccccatggctgccggatttttcttt;g
70;INDEL_lower_path;INS;0,5;0;0,505154639175258;0,448275862068966;0,432228915662651;0,545229244114003;0,511467889908257;0,471512770137525;0,638655462184874;77;86;tc;t
71;INDEL_lower_path;INS;0,13265306122449;0,502958579881657;0,853503184713376;0,922330097087379;0,95364238410596;0,917159763313609;0,975;0,914529914529915;0,769230769230769;51;62;aa;a
72;INDEL_lower_path;INS;0,489795918367347;0,234375;0,79672131147541;0,821522309711286;0,731543624161074;0,843828715365239;0,853211009174312;0,813148788927336;0,772727272727273;140;72;ct;c
73;INDEL_lower_pat;INS;0,5;0;0,381481481481482;0,284210526315789;0,297872340425532;0,346341463414634;0,30622009569378;0,339416058394161;0,328947368421053;245;167;gc;g
74;INDEL_lower_path;INS;0,489795918367347;0,234375;0,850515463917526;0,706484641638225;0,742857142857143;0,713725490196078;0,76158940397351;0,754385964912281;0,852459016393443;102;71;tt;t
75;INDEL_lower_pat;INS;0,5;0;0,75;0,803921568627451;0,79874213836478;0,738693467336683;0,784313725490196;0,770949720670391;0,833333333333333;146;163;cga;c
76;INDEL_lower_path;INS;0,13265306122449;0,502958579881657;0,0964912280701754;0,145631067961165;0,150214592274678;0,092814371257485;0,111731843575419;0,0675675675675675;0,0625;102;117;gg;g
77;INDEL_lower_path;INS;0,5;0;0,170403587443946;0,285714285714286;0,279279279279279;0,298076923076923;0,232142857142857;0,239819004524887;0,385714285714286;64;59;tg;t
78;INDEL_lower_path;INS;0,5;0;0,551532033426184;0,447272727272727;0,405333333333333;0,437627811860941;0,519713261648746;0,461711711711712;0,255813953488372;109;74;ac;a
79;INDEL_lower_pat;INS;0,244897959183674;0,497685185185185;0,136546184738956;0,201117318435754;0,208588957055215;0,0645994832041343;0,146443514644351;0,0942028985507246;0,0111111111111111;99;75;tga;t
80;INDEL_lower_path;INS;0,459183673469388;0,366255144032922;0,277777777777778;0,124423963133641;0,215568862275449;0,309623430962343;0,238532110091743;0,225;0,0428571428571428;193;218;at;a
81;INDEL_lower_pat;INS;0,5;0;0,814863102998696;0,764966740576497;0,844497607655502;0,778989098116947;0,811428571428571;0,790973871733967;0,36231884057971;126;81;act;a
82;INDEL_lower_pat;INS;0,489795918367347;0,234375;0,274881516587678;0,298701298701299;0,302752293577982;0,306513409961686;0,262411347517731;0,276995305164319;0,0862068965517241;178;239;ac;a
83;INDEL_lower_pat;INS;0;NA;0,934497816593886;0,948717948717949;0,972010178117048;0,956435643564356;0,997159090909091;0,975550122249389;0,96969696969697;169;53;ttt;t
84;INDEL_lower_pat;INS;0,5;0;0,562790697674419;0,575862068965517;0,665454545454546;0,632218844984802;0,647482014388489;0,621399176954732;0,764705882352941;51;55;tg;t
85;INDEL_lower_path;INS;0,5;0;0,435897435897436;0,553956834532374;0,5;0,553956834532374;0,540322580645161;0,448275862068966;0,288461538461538;71;63;ag;a
86;INDEL_lower_path;INS;0,489795918367347;0,234375;0,900552486187845;0,800813008130081;0,772222222222222;0,764192139737991;0,75;0,715909090909091;0,730769230769231;122;87;tt;t
87;INDEL_lower_path;INS;0,13265306122449;0,502958579881657;0,145454545454546;0,129496402877698;0,131034482758621;0,134259259259259;0,14375;0,146341463414634;0,414285714285714;131;311;aa;a
88;INDEL_lower_path;INS;0,13265306122449;0,502958579881657;0,96978021978022;0,960714285714286;0,982456140350877;0,929499072356215;0,961538461538462;0,950819672131147;0,831168831168831;53;58;atcttctaa;a
89;INDEL_lower_path;INS;0,244897959183674;0,497685185185185;0,837962962962963;0,888563049853372;0,920318725099602;0,888888888888889;0,875;0,92485549132948;0,6;53;132;agg;a
90;INDEL_lower_pa;INS;0,13265306122449;0,502958579881657;1;1;0,99554565701559;0,996323529411765;1;1;0,745222929936306;193;75;gt;g
91;INDEL_lower_path;INS;0,13265306122449;0,502958579881657;0,994444444444444;0,978609625668449;0,981132075471698;0,976190476190476;0,991596638655462;0,988023952095808;0,582089552238806;134;281;ttt;t
92;INDEL_lower_path;INS;0;NA;0,94314381270903;0,912568306010929;0,932075471698113;0,962962962962963;0,935323383084577;0,899053627760252;0,925925925925926;83;118;att;a
93;INDEL_lower_path;INS;0;NA;0,924221921515562;0,990825688073395;0,98273381294964;0,993370165745856;1;1;0,896551724137931;52;55;gggg;g
94;INDEL_lower_path;INS;0,13265306122449;0,502958579881657;0,0416666666666666;0,0101010101010101;0,0583333333333333;0,0301204819277109;0,0344827586206896;0,0229007633587787;0,277777777777778;70;57;gct;g
95;INDEL_lower_pat;INS;0,13265306122449;0,502958579881657;0,992481203007519;0,99618320610687;0,994117647058824;0,990909090909091;0,992481203007519;0,993006993006993;0,767123287671233;168;94;gactgtgccgggggttaaaaaagacctacgacagacgctcaacgtactgg;g
96;INDEL_lower_pat;INS;0,336734693877551;0,479338842975207;0,201030927835051;0,127586206896552;0,162995594713656;0,199248120300752;0,140127388535032;0,0880829015544041;0,123595505617977;51;214;tt;t
97;INDEL_lower_pa;INS;0,5;0;0,75609756097561;0,703296703296703;0,536423841059603;0,728260869565217;0,685897435897436;0,740112994350282;0,8;160;78;tc;t
98;INDEL_lower_pat;INS;0,13265306122449;0,502958579881657;0,993243243243243;0,990610328638498;1;0,989847715736041;1;1;0,680555555555556;210;107;at;a
99;INDEL_lower_path;INS;0,489795918367347;0,234375;0,181132075471698;0,116838487972509;0,194552529182879;0,1671826625387;0,183098591549296;0,212121212121212;0,35632183908046;75;136;att;a
100;INDEL_lower_pat;INS;0,13265306122449;0,502958579881657;0,0693069306930693;0,0451612903225806;0,0326086956521739;0,0592592592592592;0,0650406504065041;0,0612244897959183;0,263157894736842;118;67;ctctc;c
101;INDEL_lower_path;INS;0,13265306122449;0,502958579881657;0,997658079625293;0,997854077253219;0,997663551401869;0,998106060606061;1;0,997340425531915;0,709876543209877;82;82;gaa;g
102;INDEL_lower_path;INS;0;NA;1;0,984894259818731;0,99185667752443;0,988980716253444;0,981029810298103;0,99341021416804;0,960975609756098;106;74;tc;t
103;INDEL_lower_pat;INS;0,489795918367347;0,234375;0,306666666666667;0,271708683473389;0,249122807017544;0,257452574525745;0,319672131147541;0,34982332155477;0,0319148936170213;92;163;ac;a
104;INDEL_lower_path;INS;0,408163265306122;0,44;0,894957983193277;0,880952380952381;0,759090909090909;0,851985559566787;0,797029702970297;0,782771535580524;0,827956989247312;236;61;at;a
105;INDEL_lower_path;INS;0,13265306122449;0,502958579881657;0,993710691823899;0,991266375545852;0,993150684931507;0,990147783251232;1;0,984375;0,634615384615385;95;101;tt;t
106;INDEL_lower_path;INS;0,13265306122449;0,502958579881657;1;0,973214285714286;0,984126984126984;0,961685823754789;0,992753623188406;1;0,833333333333333;191;54;aaag;a
107;INDEL_lower_path;INS;0,459183673469388;0,366255144032922;0,94238683127572;0,834507042253521;0,848249027237354;0,771428571428571;0,742616033755274;0,758474576271186;0,950819672131147;109;65;tttgccg;t
108;INDEL_lower_path;INS;0,13265306122449;0,502958579881657;0,987341772151899;0,970260223048327;0,99537037037037;0,976744186046512;0,971910112359551;0,980769230769231;0,711111111111111;92;89;ct;c
109;INDEL_lower_path;INS;0,152777777777778;NA;0,895463510848126;0,892491467576792;0,926315789473684;0,89126213592233;0,831325301204819;0,861313868613139;0,926315789473684;185;79;cacgtgtgctcgcgc;c
110;INDEL_lower_path;INS;0,13265306122449;0,502958579881657;0,976190476190476;0,988023952095808;0,97037037037037;0,959731543624161;1;1;0,76056338028169;293;91;aacctc;a
111;INDEL_lower_path;INS;0,489795918367347;0,234375;0,7;0,792452830188679;0,871951219512195;0,808411214953271;0,786885245901639;0,773333333333333;0,483333333333333;278;79;aga;a
112;INDEL_lower_path;INS;0,5;0;0,27007299270073;0,224137931034483;0,279329608938548;0,240282685512368;0,180451127819549;0,30939226519337;0,285714285714286;102;60;tttga;t
113;INDEL_lower_path;INS;0,13265306122449;0,502958579881657;0,0366300366300366;0,0406779661016949;0,0537190082644629;0,0227272727272727;0,0446428571428571;0,0460992907801419;0,336734693877551;50;88;agc;a
114;INDEL_lower_path;INS;0,13265306122449;0,502958579881657;1;0,996927803379416;0,994197292069632;0,995529061102832;1;1;0,706806282722513;70;69;ac;a
115;INDEL_lower_pa;INS;0,5;0;0,475352112676056;0,35;0,486725663716814;0,423423423423423;0,344339622641509;0,232209737827715;0,491525423728814;105;58;ca;c
116;INDEL_lower_path;INS;0,13265306122449;0,502958579881657;1;0,966804979253112;0,964028776978417;1;0,98876404494382;1;0,588235294117647;114;55;tctc;t
117;INDEL_lower_pat;INS;0;NA;0,948780487804878;0,950248756218905;0,952;0,904936014625229;0,923976608187135;0,966666666666667;0,912;69;84;gcatt;g
118;INDEL_lower_path;INS;0,244897959183674;0,497685185185185;0,759036144578313;0,902654867256637;0,846994535519126;0,952789699570815;0,919786096256685;0,976958525345622;1;131;94;cggctgtt;c
119;INDEL_lower_path;INS;0,13265306122449;0,502958579881657;0,0552763819095478;0,032258064516129;0,0778443113772455;0,0700934579439252;0,0654205607476636;0,0615384615384615;0,5;55;116;ca;c
120;INDEL_lower_path;INS;0,13265306122449;0,502958579881657;0,972222222222222;0,936651583710407;0,982035928143713;0,933333333333333;0,971428571428571;0,954314720812183;0,679245283018868;59;91;ag;a
121;INDEL_lower_path;INS;0,13265306122449;0,502958579881657;0,961904761904762;0,981132075471698;0,990825688073395;0,979274611398964;0,96875;0,974576271186441;0,685714285714286;150;105;ca;c
122;INDEL_lower_pa;INS;0,336734693877551;0,479338842975207;0,901315789473684;0,856209150326797;0,874074074074074;0,84390243902439;0,846153846153846;0,872;0,528301886792453;239;78;ca;c
123;INDEL_lower_path;INS;0,13265306122449;0,502958579881657;0,168604651162791;0,127049180327869;0,144144144144144;0,130268199233716;0,129213483146067;0,131979695431472;0,119047619047619;134;57;gg;g
124;INDEL_lower_path;INS;0,5;0;0,813056379821958;0,843065693430657;0,746887966804979;0,744493392070485;0,795744680851064;0,795389048991354;0,766233766233766;69;50;aca;a
125;INDEL_lower_path;INS;0,5;0;0,473053892215569;0,572687224669604;0,361111111111111;0,603238866396761;0,572289156626506;0,431506849315068;0,538461538461538;250;165;ctccgag;c
126;INDEL_lower_path;INS;0,5;0;0,2;0,211805555555556;0,265217391304348;0,288961038961039;0,417777777777778;0,217948717948718;0,434782608695652;92;74;tccaatggctact;t
127;INDEL_lower_path;INS;0,489795918367347;0,234375;0,128440366972477;0,269387755102041;0,2710027100271;0,330058939096267;0,342424242424242;0,478540772532189;0,5;84;166;ttacatc;t
128;INDEL_lower_path;INS;0,5;0;0,513422818791946;0,573134328358209;0,534201954397394;0,550228310502283;0,545454545454545;0,475083056478405;0,626865671641791;174;141;agg;a
129;INDEL_lower_path;INS;0,13265306122449;0,502958579881657;0,997150997150997;0,993464052287582;0,990291262135922;0,997;0,990774907749078;0,9953125;0,655555555555556;63;87;ttctctcctac;t
130;INDEL_lower_path;INS;0,244897959183674;0,497685185185185;0,822916666666667;0,889908256880734;0,921052631578947;0,91358024691358;0,922077922077922;0,895348837209302;0,581818181818182;106;143;gga;g
131;INDEL_lower_path;INS;0,5;0;0,504273504273504;0,589285714285714;0,595505617977528;0,553191489361702;0,5;0,552447552447553;0,491228070175439;83;61;gac;g
132;INDEL_lower_path;INS;0,336734693877551;0,479338842975207;0,22463768115942;0,107142857142857;0,0753623188405798;0,113131313131313;0,155555555555556;0,125628140703518;0,294117647058823;224;211;aatca;a
133;INDEL_lower_pat;INS;0,5;0;0,649484536082474;0,664179104477612;0,699029126213592;0,701754385964912;0,646464646464646;0,648;0,625;168;130;tgg;t
134;INDEL_lower_pat;INS;0,5;0;0,77710843373494;0,676229508196721;0,583732057416268;0,65296803652968;0,774647887323944;0,68944099378882;0,714285714285714;86;111;ttggct;t
135;INDEL_lower_path;INS;0,13265306122449;0,502958579881657;1;0,983333333333333;1;1;1;1;0,705882352941176;113;76;agg;a
136;INDEL_lower_pat;INS;0,459183673469388;0,366255144032922;0,744730679156909;0,844919786096257;0,808612440191388;0,834914611005693;0,87037037037037;0,84472049689441;0,99438202247191;50;182;tgcag;t
137;INDEL_lower_path;INS;0;NA;0,939443535188216;0,995798319327731;0,974025974025974;0,99400479616307;1;0,981996726677578;0,995073891625616;61;141;gacagac;g
138;INDEL_lower_pa;INS;0,5;0;0,729508196721312;0,736842105263158;0,713513513513514;0,768292682926829;0,782945736434109;0,718562874251497;0,707317073170732;124;189;ct;c
139;INDEL_lower_pat;INS;0,13265306122449;0,502958579881657;1;0,995495495495496;1;0,983193277310924;0,994011976047904;0,970414201183432;0,7;65;54;gc;g
140;INDEL_lower_path;INS;0,13265306122449;0,502958579881657;0,990654205607477;0,976744186046512;0,988372093023256;0,96551724137931;1;0,97196261682243;0,739130434782609;59;126;cctggcc;c
141;INDEL_lower_pa;INS;0,13265306122449;0,502958579881657;0,997711670480549;0,99203821656051;0,993617021276596;0,994809688581315;0,994722955145119;0,995604395604396;0,535483870967742;108;65;tt;t
142;INDEL_lower_path;INS;0,5;0,470899470899471;0,146739130434783;0,21900826446281;0,194444444444444;0,23728813559322;0,259668508287293;0,36480686695279;0,907407407407407;63;51;atcctc;a
143;INDEL_lower_path;INS;0,5;0;0,203125;0,341389728096677;0,281021897810219;0,283950617283951;0,325842696629214;0,274074074074074;0,545454545454545;243;121;ac;a
144;INDEL_lower_path;INS;0,5;0;0,508474576271186;0,592233009708738;0,505102040816326;0,599009900990099;0,578571428571429;0,6125;0,206896551724138;64;134;at;a
145;INDEL_lower_path;INS;0,5;0;0,387755102040816;0,288888888888889;0,338028169014085;0,261744966442953;0,28169014084507;0,223300970873786;0,328358208955224;95;316;at;a
146;INDEL_lower_path;INS;0,13265306122449;0,502958579881657;0,997658079625293;0,995575221238938;0,997041420118343;0,995717344753747;1;1;0,773049645390071;65;61;gctg;g
147;INDEL_lower_pat;INS;0,13265306122449;0,502958579881657;0,888888888888889;0,903409090909091;0,866666666666667;0,919239904988123;0,913934426229508;0,924187725631769;0,735632183908046;273;96;cgg;c
148;INDEL_lower_path;INS;0,489795918367347;0,234375;0,14367816091954;0,233333333333333;0,18;0,247967479674797;0,25;0,164634146341463;0,197674418604651;138;149;aca;a
149;INDEL_lower_pa;INS;0,13265306122449;0,502958579881657;0,87219730941704;0,937722419928826;0,883116883116883;0,797814207650273;0,877742946708464;0,911057692307692;0,901639344262295;64;103;gg;g
150;INDEL_lower_path;INS;0,13265306122449;0,502958579881657;0,967105263157895;0,972477064220183;0,985294117647059;0,978947368421053;0,975609756097561;0,982954545454545;0,775;161;125;cga;c
151;INDEL_lower_path;INS;0,489795918367347;0,234375;0,546511627906977;0,549019607843137;0,527777777777778;0,536697247706422;0,489690721649485;0,475903614457831;0,864864864864865;111;154;ta;t
152;INDEL_lower_pa;INS;0;NA;0,0243055555555556;0,010569105691057;0,0139405204460966;0,0196374622356495;0,0194986072423399;0,0269320843091335;0,0391304347826087;50;76;ag;a
153;INDEL_lower_path;INS;0;NA;0,986206896551724;0,939271255060729;0,958435207823961;0,94758064516129;0,923295454545455;0,934782608695652;1;150;55;gggg;g
154;INDEL_lower_path;INS;0,5;0;0,420118343195266;0,416666666666667;0,358156028368794;0,43030303030303;0,384615384615385;0,362007168458781;0,298245614035088;50;119;tt;t
155;INDEL_lower_pat;INS;0,489795918367347;0,234375;0,683060109289617;0,752851711026616;0,688622754491018;0,880478087649402;0,847133757961783;0,819277108433735;0,641791044776119;104;106;ca;c
156;INDEL_lower_pat;INS;0,5;0;0,519083969465649;0,515463917525773;0,43859649122807;0,485380116959064;0,47008547008547;0,48936170212766;0,264150943396226;67;295;ta;t
157;INDEL_lower_path;INS;0,408163265306122;0,44;0,103658536585366;0,174089068825911;0,0657894736842105;0,0591397849462365;0,175925925925926;0,263157894736842;0,389830508474576;235;61;ac;a
158;INDEL_lower_pa;INS;0,13265306122449;0,502958579881657;0,932432432432432;0,95;0,884615384615385;0,916666666666667;0,924050632911392;0,863636363636364;0,746031746031746;132;75;ta;t
159;INDEL_lower_pat;INS;0,336734693877551;0,479338842975207;0,0866666666666667;0,0930232558139535;0,133333333333333;0,183406113537118;0,177514792899408;0,147540983606557;0,202380952380952;174;88;tc;t
160;INDEL_lower_path;INS;0,13265306122449;0,502958579881657;0,981366459627329;0,986666666666667;0,989010989010989;0,988505747126437;0,983471074380165;0,991803278688525;0,79746835443038;220;90;acg;a
161;INDEL_lower_pa;INS;0,489795918367347;0,234375;0,144385026737968;0,309963099630996;0,344961240310077;0,357988165680473;0,316831683168317;0,333333333333333;0,522222222222222;58;123;tg;t
162;INDEL_lower_pa;INS;0,13265306122449;0,502958579881657;0,949640287769784;0,964285714285714;0,973509933774834;0,958549222797927;0,974789915966387;0,970588235294118;0,818181818181818;188;66;tg;t
163;INDEL_lower_path;INS;0,13265306122449;0,502958579881657;0,996296296296296;0,987096774193548;0,982993197278912;0,992;0,991735537190083;0,994949494949495;0,546875;104;75;ag;a
164;INDEL_lower_path;INS;0,13265306122449;0,502958579881657;0,996805111821086;0,989333333333333;1;0,990220048899755;1;0,993103448275862;0,782608695652174;88;76;ttata;t
165;INDEL_lower_path;INS;0,13265306122449;0,502958579881657;0,998003992015968;0,998425196850394;1;0,997198879551821;1;0,995975855130785;0,635514018691589;84;132;acactgcctatgacaagtggat;a
166;INDEL_lower_path;INS;0,336734693877551;0,479338842975207;0,178484107579462;0,147110332749562;0,0995934959349594;0,163884673748103;0,171253822629969;0,145652173913044;0,0287356321839081;133;88;ga;g
167;INDEL_lower_pa;INS;0,5;0;0,736526946107784;0,776722090261283;0,81638418079096;0,739759036144578;0,710144927536232;0,735849056603774;0,385714285714286;87;54;aa;a
168;INDEL_lower_path;INS;0,13265306122449;0,502958579881657;0,984732824427481;0,989417989417989;0,958904109589041;0,994318181818182;1;1;0,736111111111111;127;104;gaggaacc;g
169;INDEL_lower_path;INS;0,13265306122449;0,502958579881657;0,0374531835205992;0,0538243626062322;0,0753968253968254;0,0337078651685393;0,082901554404145;0,120996441281139;0,317757009345794;112;115;aca;a
170;INDEL_lower_path;INS;0,13265306122449;0,502958579881657;0,993243243243243;0,994791666666667;0,993421052631579;0,997590361445783;0,991836734693878;1;0,708333333333333;75;85;actgaataaatatttttgaaaactgattcacagcattgattcgtttTACTGGTCATTGTG;a
171;INDEL_lower_path;INS;0,13265306122449;0,502958579881657;1;0,994285714285714;0,984496124031008;0,995515695067265;0,968354430379747;1;0,816901408450704;57;56;aa;a
172;INDEL_lower_pat;INS;0,5;0;0,388888888888889;0,495901639344262;0,3984375;0,486322188449848;0,465;0,435540069686411;0,317460317460317;216;54;cgtggaaccgccagga;c
173;INDEL_lower_path;INS;0,13265306122449;0,502958579881657;1;1;1;0,994444444444444;0,978571428571429;0,987654320987654;0,736842105263158;62;75;cgtcg;c
174;INDEL_lower_pat;INS;0,13265306122449;0,502958579881657;0,984251968503937;0,983957219251337;0,955555555555556;0,979166666666667;0,981308411214953;0,973451327433628;0,705882352941176;190;143;tt;t
175;INDEL_lower_path;INS;0,5;0;0,458333333333333;0,733333333333333;0,601226993865031;0,708333333333333;0,769230769230769;0,716666666666667;0,827586206896552;83;61;gtat;g
176;INDEL_lower_path;INS;0,408163265306122;0,44;0,890052356020942;0,813765182186235;0,803108808290155;0,862204724409449;0,797872340425532;0,875;0,826666666666667;61;61;ga;g
177;INDEL_lower_path;INS;0,5;0;0,726027397260274;0,70059880239521;0,638297872340426;0,771929824561403;0,506666666666667;0,606060606060606;0,666666666666667;53;58;taaaaggaagaga;t
178;INDEL_lower_pat;INS;0,13265306122449;0,502958579881657;1;0,990521327014218;1;0,994623655913978;0,985185185185185;0,992481203007519;0,670886075949367;199;52;ct;c
179;INDEL_lower_path;INS;0,13265306122449;0,502958579881657;0,986013986013986;0,990909090909091;0,993788819875776;0,977678571428571;0,98989898989899;1;0,569230769230769;179;106;cc;c
180;INDEL_lower_path;INS;0,5;0;0,386243386243386;0,210300429184549;0,271084337349398;0,19634703196347;0,23021582733813;0,157232704402516;0,803030303030303;101;58;tcaggggcgatgagcagaaatttctaca;t
181;INDEL_lower_pa;INS;0;NA;0,869318181818182;0,963362068965517;0,891428571428571;0,955654101995565;0,893518518518518;0,88;0,971830985915493;193;164;cc;c
182;INDEL_lower_path;INS;0;NA;0,916666666666667;0,981605351170569;0,987745098039216;0,992;0,996699669966997;0,997206703910615;1;95;67;atgattgtatgagac;a
183;INDEL_lower_path;INS;0;NA;0,922105263157895;0,983206106870229;0,988713318284424;0,993079584775087;0,997041420118343;0,997542997542998;1;95;67;atgattgtatgagac;a
184;INDEL_lower_path;INS;0,459183673469388;0,366255144032922;0,297560975609756;0,239819004524887;0,242268041237113;0,224489795918367;0,101190476190476;0,153846153846154;0,0923076923076923;137;93;ttgaactt;t
185;INDEL_lower_path;INS;0,13265306122449;0,502958579881657;1;0,946280991735537;0,971264367816092;0,932835820895522;0,923076923076923;0,957142857142857;0,833333333333333;59;112;agaagctc;a
186;INDEL_lower_pat;INS;0,459183673469388;0,366255144032922;0,101910828025478;0,153256704980843;0,24537037037037;0,223809523809524;0,146551724137931;0,247126436781609;0,191489361702128;51;120;ag;a
187;INDEL_lower_pat;INS;0;NA;0,953571428571429;0,955555555555556;0,926282051282051;0,930939226519337;0,900943396226415;0,907936507936508;0,909090909090909;101;137;aac;a
188;INDEL_lower_pa;INS;0,5;0;0,50765306122449;0,554435483870968;0,471744471744472;0,5;0,444444444444444;0,517899761336515;0,333333333333333;194;79;ac;a
189;INDEL_lower_pat;INS;0;NA;0,925795053003534;0,923611111111111;0,941860465116279;0,910493827160494;0,95852534562212;0,900621118012422;0,922077922077922;68;52;ctat;c
190;INDEL_lower_path;INS;0,5;0;0,194029850746269;0,275641025641026;0,18018018018018;0,202312138728324;0,294117647058823;0,188235294117647;0,320754716981132;92;123;ga;g
191;INDEL_lower_pa;INS;0,13265306122449;0,502958579881657;0,9957805907173;1;0,972789115646258;0,942307692307692;0,957746478873239;1;0,283582089552239;64;94;ca;c
192;INDEL_lower_pat;INS;0,13265306122449;0,502958579881657;0,975560081466395;0,981566820276498;0,979123173277662;0,982704402515723;0,994219653179191;0,981060606060606;0,691275167785235;58;90;gtct;g
193;INDEL_lower_path;INS;0,489795918367347;0,234375;0,642384105960265;0,859375;0,689655172413793;0,755725190839695;0,703488372093023;0,787878787878788;0,75;99;51;tt;t
194;INDEL_lower_path;INS;0,13265306122449;0,502958579881657;1;0,992753623188406;1;1;0,978021978021978;0,963963963963964;0,4;79;122;ca;c
195;INDEL_lower_pa;INS;0,13265306122449;0,502958579881657;0,913669064748201;0,927536231884058;0,958579881656805;0,910714285714286;0,962962962962963;0,938461538461538;0,582417582417582;199;51;cc;c
196;INDEL_lower_path;INS;0,5;0;0,362903225806452;0,463829787234043;0,483660130718954;0,484375;0,325396825396825;0,49618320610687;0,390625;116;116;aa;a
197;INDEL_lower_path;INS;0,13265306122449;0,502958579881657;1;1;0,987179487179487;0,988235294117647;1;1;0,649122807017544;70;65;aat;a
198;INDEL_lower_path;INS;0,13265306122449;0,502958579881657;0,971014492753623;0,96078431372549;0,956521739130435;0,913419913419913;0,932773109243697;0,947368421052632;0,416666666666667;147;201;acgca;a
199;INDEL_lower_path;INS;0,13265306122449;0,502958579881657;0,995983935742972;1;0,981684981684982;0,985714285714286;1;1;0,678571428571429;164;134;cacct;c
200;INDEL_lower_path;INS;0,459183673469388;0,366255144032922;0,691588785046729;0,850187265917603;0,811158798283262;0,829268292682927;0,899521531100478;0,893129770992366;0,747126436781609;115;75;cacacgtcaaagcagtgtgtcggccctgaatcccccctctgacccca;c
201;INDEL_lower_path;INS;0,336734693877551;0,479338842975207;0,747126436781609;0,882352941176471;0,846153846153846;0,867924528301887;0,919847328244275;0,914634146341463;0,765957446808511;115;75;cacacgtcaaagcagtgtgtcggccctgaatcccccctctgacccca;c
202;INDEL_lower_path;INS;0,5;NA;0,445378151260504;0,689922480620155;0,617391304347826;0,676300578034682;0,764044943820225;0,791044776119403;0,627118644067797;115;75;cacacgtcaaagcagtgtgtcggccctgaatcccccctctgacccca;c
203;INDEL_lower_path;INS;0,408163265306122;0,44;0,695852534562212;0,860627177700348;0,815126050420168;0,841359773371105;0,904545454545455;0,897435897435897;0,752808988764045;115;75;cacacgtcaaagcagtgtgtcggccctgaatcccccctctgacccca;c
204;INDEL_lower_path;INS;0,13265306122449;0,502958579881657;0,982905982905983;0,952380952380952;0,952702702702703;0,95;0,932038834951456;0,967741935483871;0,568965517241379;149;101;caggttacctcaccttatt;c
205;INDEL_lower_pat;INS;0,13265306122449;0,502958579881657;1;1;1;0,992673992673993;1;1;0,540540540540541;92;160;cc;c
206;INDEL_lower_pat;INS;0,13265306122449;0,502958579881657;0,957671957671958;0,960167714884696;0,963446475195822;0,955512572533849;0,958333333333333;0,980456026058632;0,59375;68;58;gcg;g
207;INDEL_lower_pat;INS;0;NA;0,0545851528384279;0,0444839857651246;0,0456431535269709;0,0864600326264274;0,0369393139841688;0,0693069306930693;0,0481927710843374;56;122;at;a
208;INDEL_lower_path;INS;0,13265306122449;0,502958579881657;0,904761904761905;0,908256880733945;0,937931034482759;0,884057971014493;0,868613138686131;0,854166666666667;0,7;194;137;agc;a
209;INDEL_lower_path;INS;0,13265306122449;0,502958579881657;1;1;1;1;0,998054474708171;1;0,582278481012658;76;210;at;a
210;INDEL_lower_path;INS;0,489795918367347;0,234375;0,418439716312057;0,575107296137339;0,46875;0,554166666666667;0,481481481481482;0,579545454545455;0,0581395348837209;71;121;tc;t
211;INDEL_lower_path;INS;0,13265306122449;0,502958579881657;0,963696369636964;0,936936936936937;0,973063973063973;0,901587301587302;0,925490196078431;0,890728476821192;0,815789473684211;144;115;gga;g
212;INDEL_lower_path;INS;0,13265306122449;0,502958579881657;0,955284552845528;0,921348314606742;0,966244725738397;0,88030888030888;0,912442396313364;0,87109375;0,787878787878788;144;115;gga;g
213;INDEL_lower_path;INS;0,13265306122449;0,502958579881657;0,990384615384615;0,93312101910828;0,950549450549451;0,889705882352941;0,895833333333333;0,896174863387978;0,845070422535211;115;211;atc;a
214;INDEL_lower_path;INS;0,244897959183674;0,497685185185185;0,169117647058823;0,142292490118577;0,112612612612613;0,0932203389830508;0,106741573033708;0,0995260663507109;0,217391304347826;54;93;ggagaag;g
215;INDEL_lower_path;INS;0,5;0;0,585903083700441;0,545219638242894;0,636904761904762;0,599552572706935;0,57563025210084;0,576208178438662;0,404255319148936;58;60;tctgtttattg;t
216;INDEL_lower_path;INS;0,489795918367347;0,234375;0,729857819905213;0,790513833992095;0,686507936507937;0,684039087947883;0,756637168141593;0,653465346534653;0,864864864864865;200;167;cacccaa;c
217;INDEL_lower_path;INS;0,13265306122449;0,502958579881657;0,980582524271845;0,99079754601227;0,986206896551724;0,994708994708995;1;0,975155279503106;0,690909090909091;66;168;acgt;a
218;INDEL_lower_path;INS;0,5;0;0,638157894736842;0,534246575342466;0,527363184079602;0,480544747081712;0,436440677966102;0,460431654676259;0,714285714285714;65;169;gtccc;g
219;INDEL_lower_pat;INS;0,489795918367347;0,234375;0,520833333333333;0,418604651162791;0,490196078431373;0,487603305785124;0,356589147286822;0,537190082644628;0,964285714285714;73;98;tgactggtttaac;t
220;INDEL_lower_pat;INS;0,13265306122449;0,502958579881657;0,0880829015544041;0,0642023346303502;0,0746987951807229;0,147302904564315;0,154440154440154;0,0886850152905199;0,04;106;72;cg;c
221;INDEL_lower_pat;INS;0,244897959183674;0,497685185185185;0,114093959731544;0,0912408759124088;0,178378378378378;0,0926640926640927;0,128654970760234;0,110091743119266;0,183908045977011;62;80;tc;t
222;INDEL_lower_pat;INS;0,5;0;0,326612903225806;0,457095709570957;0,533604887983707;0,41471048513302;0,493939393939394;0,47808764940239;0,213114754098361;65;258;ga;g
223;INDEL_lower_path;INS;0,244897959183674;0,497685185185185;0,872727272727273;0,893992932862191;0,823529411764706;0,864963503649635;0,948598130841122;0,858490566037736;0,515151515151515;69;55;cc;c
224;INDEL_lower_path;INS;0,5;0;0,786259541984733;0,810924369747899;0,73125;0,67741935483871;0,597938144329897;0,777777777777778;0,725490196078431;196;74;caaat;c
225;INDEL_lower_path;INS;0,336734693877551;0,479338842975207;0,266355140186916;0,0817307692307693;0,150753768844221;0,071969696969697;0,0693641618497109;0,160427807486631;0,126760563380282;88;50;ta;t
226;INDEL_lower_path;INS;0,13265306122449;0,502958579881657;0,99236641221374;0,996677740863787;0,989690721649485;0,990963855421687;0,991228070175439;0,996527777777778;0,703125;88;108;gt;g
227;INDEL_lower_path;INS;0,13265306122449;0,502958579881657;0,0394736842105263;0,0228571428571429;0,0328947368421053;0,0439560439560439;0,0197368421052632;0,0275862068965518;0,246376811594203;94;90;gc;g
228;INDEL_lower_path;INS;0,489795918367347;0,234375;0,616033755274262;0,71608832807571;0,632286995515695;0,671532846715329;0,654377880184332;0,621359223300971;0,873239436619718;208;132;gctctcctccagcat;g
229;INDEL_lower_path;INS;0,489795918367347;0,234375;0,578703703703704;0,697986577181208;0,616822429906542;0,666666666666667;0,644549763033175;0,608040201005025;0,883116883116883;208;132;gctctcctccagcat;g
230;INDEL_lower_path;INS;0,13265306122449;0,502958579881657;1;0,994974874371859;1;0,994818652849741;1;0,985401459854015;0,804878048780488;156;235;ata;a
231;INDEL_lower_path;INS;0,13265306122449;0,502958579881657;0,99468085106383;1;1;0,996138996138996;0,994764397905759;1;0,805194805194805;170;56;acgt;a
232;INDEL_lower_path;INS;0,13265306122449;0,502958579881657;0,978723404255319;0,983050847457627;0,983974358974359;0,994805194805195;0,975669099756691;0,988472622478386;0,766355140186916;488;109;gagctct;g
233;INDEL_lower_path;INS;0,13265306122449;0,502958579881657;0,934306569343066;0,907103825136612;0,918238993710692;0,923857868020305;0,875;0,899328859060403;0,407407407407407;53;114;ca;c
234;INDEL_lower_path;INS;0,336734693877551;0,479338842975207;0,634146341463415;0,809248554913295;0,733333333333333;0,985611510791367;0,932584269662921;1;1;186;181;tt;t
235;INDEL_lower_path;INS;0,13265306122449;0,502958579881657;1;0,981443298969072;0,991285403050109;0,998223801065719;0,988847583643123;0,993399339933993;0,787037037037037;102;75;gt;g
236;INDEL_lower_path;INS;0,13265306122449;0,502958579881657;0,988425925925926;0,988118811881188;0,991891891891892;0,982456140350877;0,975728155339806;0,975903614457831;0,69047619047619;234;70;tcggtgtgt;t
237;INDEL_lower_p;INS;0,489795918367347;0,234375;0,2;0,28643216080402;0,23015873015873;0,316326530612245;0,292993630573248;0,271084337349398;0,0892857142857143;104;213;tg;t
238;INDEL_lower_path;INS;0,13265306122449;0,502958579881657;0,996168582375479;0,989510489510489;0,983739837398374;0,978193146417445;0,987654320987654;0,98220640569395;0,75609756097561;72;200;ct;c
239;INDEL_lower_pat;INS;0,13265306122449;0,502958579881657;0,990990990990991;0,980113636363636;0,962068965517241;0,976331360946746;0,975;0,984375;0,691176470588235;136;184;aattaaaca;a
240;INDEL_lower_path;INS;0,13265306122449;0,502958579881657;0,99;0,904761904761905;0,953703703703704;0,936619718309859;0,893333333333333;0,924731182795699;0,596153846153846;184;79;actgaagcac;a
241;INDEL_lower_pat;INS;0,13265306122449;0,502958579881657;0,982608695652174;0,971830985915493;0,946428571428571;0,975;0,96551724137931;0,962962962962963;0,725806451612903;95;92;caggccgct;c
242;INDEL_lower_path;INS;0,13265306122449;0,502958579881657;0,995918367346939;0,883018867924528;0,934210526315789;0,860068259385666;0,995;0,876595744680851;0,597402597402597;71;103;ct;c
243;INDEL_lower_pa;INS;0,489795918367347;0,234375;0,664893617021277;0,605210420841683;0,666666666666667;0,69377990430622;0,638059701492537;0,638157894736842;0,0689655172413793;72;278;ct;c
244;INDEL_lower_path;INS;0,13265306122449;0,502958579881657;0,997014925373134;0,991935483870968;1;1;0,988826815642458;0,993079584775087;0,836065573770492;138;84;aag;a
245;INDEL_lower_path;INS;0,408163265306122;0,44;0,103825136612022;0,111111111111111;0,192982456140351;0,14;0,2018779342723;0,282700421940928;0,666666666666667;105;194;cact;c
246;INDEL_lower_path;INS;0,5;0;0,653543307086614;0,793478260869565;0,738738738738739;0,752941176470588;0,733333333333333;0,743119266055046;0,788461538461538;94;59;gc;g
247;INDEL_lower_path;INS;0,13265306122449;0,502958579881657;0,896925858951175;0,937694704049844;0,909270216962525;0,964285714285714;0,916279069767442;0,948497854077253;0,635416666666667;111;67;ct;c
248;INDEL_lower_pat;INS;0,5;0;0,727748691099476;0,480769230769231;0,551546391752577;0,347517730496454;0,483221476510067;0,384955752212389;0,779661016949153;194;185;gagagacacatgt;g
249;INDEL_lower_path;INS;0,5;0;0,568965517241379;0,550239234449761;0,494318181818182;0,536945812807882;0,598214285714286;0,617886178861789;0,6;104;61;ctcacacac;c
250;INDEL_lower_path;INS;0,244897959183674;0,497685185185185;0,812154696132597;0,912727272727273;0,917098445595855;0,865546218487395;0,866141732283465;0,883720930232558;0,75;117;107;aagctta;a
251;INDEL_lower_path;INS;0,13265306122449;0,502958579881657;0,069620253164557;0,0203045685279187;0,0478723404255319;0,0368663594470046;0,0165289256198347;0,0584795321637427;0,275862068965517;59;96;agta;a
252;INDEL_lower_path;INS;0,336734693877551;0,479338842975207;0,135371179039301;0,080267558528428;0,129707112970711;0,15358361774744;0,11340206185567;0,198863636363636;0,215909090909091;171;81;gc;g
253;INDEL_lower_path;INS;0,5;0;0,821138211382114;0,746666666666667;0,712418300653595;0,823204419889503;0,79746835443038;0,640350877192982;0,75;104;77;ta;t
254;INDEL_lower_path;INS;0;NA;0,996699669966997;0,994219653179191;0,988235294117647;0,994910941475827;0,990950226244344;0,99;0,872340425531915;241;235;caa;c
255;INDEL_lower_path;INS;0;NA;0,998069498069498;1;1;0,997167138810198;1;0,996575342465753;0,936305732484076;63;90;ggcgtgtag;g
256;INDEL_lower_path;INS;0,336734693877551;0,479338842975207;0,748936170212766;0,862068965517241;0,873239436619718;0,907063197026022;0,926267281105991;0,837301587301587;0,840909090909091;141;59;ttctaaatt;t
257;INDEL_lower_path;INS;0,489795918367347;0,234375;0,854166666666667;0,747899159663866;0,814432989690722;0,841880341880342;0,706521739130435;0,780346820809249;0,445945945945946;115;116;gat;g
258;INDEL_lower_pat;INS;0,13265306122449;0,502958579881657;0,041095890410959;0,041025641025641;0,0645161290322581;0,046242774566474;0,0618556701030928;0,0650406504065041;0,274509803921569;201;88;cct;c
259;INDEL_lower_path;INS;0,489795918367347;0,234375;0,591731266149871;0,606209150326797;0,537174721189591;0,716049382716049;0,598173515981735;0,447674418604651;0,917197452229299;77;65;atggaggcgtgcaggtctttgggttga;a
260;INDEL_lower_pat;INS;0,13265306122449;0,502958579881657;0,0773195876288659;0,0854700854700855;0,0425531914893617;0,0981132075471698;0,104477611940298;0,0427807486631016;0,164383561643836;178;90;ct;c
261;INDEL_lower_pat;INS;0,5;0;0,694736842105263;0,561594202898551;0,630434782608696;0,710526315789474;0,736559139784946;0,624242424242424;0,274725274725275;73;70;ag;a
262;INDEL_lower_path;INS;0,5;0;0,65863453815261;0,694980694980695;0,554285714285714;0,637096774193548;0,712230215827338;0,582938388625592;0,703703703703704;98;75;gca;g
263;INDEL_lower_pa;INS;0,5;0;0,388888888888889;0,434628975265018;0,442687747035573;0,568627450980392;0,472527472527473;0,441747572815534;0,483333333333333;176;177;aa;a
264;INDEL_lower_path;INS;0;NA;0,891518737672584;0,942989214175655;0,90284757118928;0,907637655417407;0,885869565217391;0,911167512690355;0,963730569948187;184;81;at;a
