;ID;Ty;Ht;Gprimest;G1_MAF;G2_MAF;G3_MAF;G4_MAF;G5_MAF;G6_MAF;UL;UR;REF;ALT
1;INDEL_lower_path_17436;INS;0,5;0;0,296;0,254777070063694;0,248663101604278;0,269922879177378;0,354330708661417;0,378006872852234;113;84;ga;g
2;INDEL_lower_path_28201;INS;0,5;0;0,419753086419753;0,300884955752212;0,355731225296443;0,362068965517241;0,405857740585774;0,311475409836066;142;130;tct;t
3;INDEL_lower_path_11968;INS;0,5;0;0,362903225806452;0,463503649635037;0,439344262295082;0,468085106382979;0,5;0,414634146341463;110;165;ccacttagggt;c
4;INDEL_lower_path_14768;INS;0,5;NA;0,590308370044053;0,546296296296296;0,511737089201878;0,645833333333333;0,497975708502024;0,541284403669725;120;123;ggcagagagagagaa;g
5;INDEL_lower_path_14374;INS;0,5;0;0,360824742268041;0,434246575342466;0,429305912596401;0,435963777490298;0,435931307793923;0,493044822256569;61;64;tgcaggtaaacc;t
6;INDEL_lower_path_170;INS;0,5;0;0,742663656884876;0,644897959183673;0,72;0,626984126984127;0,668615984405458;0,65281173594132;216;100;ca;c
7;INDEL_lower_path_421;INS;0,5;0;0,625874125874126;0,697777777777778;0,68;0,722222222222222;0,595238095238095;0,717299578059072;106;125;ac;a
8;INDEL_lower_path_1574;INS;0,5;NA;0,559633027522936;0,517412935323383;0,547619047619048;0,6125;0,60952380952381;0,671232876712329;76;53;aggggcagg;a
9;INDEL_lower_path_16229;INS;0;NA;0,91264367816092;0,888888888888889;0,868303571428571;0,872432432432432;0,891133557800224;0,854107648725212;83;69;ta;t
10;INDEL_lower_path_1658;INS;0,152777777777778;0,504132231404959;0,0923645320197044;0,0669642857142857;0,0882740447957839;0,108478802992519;0,112618724559023;0,168262653898769;233;81;attaagagagaat;a
11;INDEL_lower_path_296;INS;0,277777777777778;0,496;0,782392026578073;0,901010101010101;0,874485596707819;0,825423728813559;0,872549019607843;0,861111111111111;152;85;ctctctctggtgctcgccactctgttc;c
12;INDEL_lower_path_5906;INS;0,5;0;0,534591194968553;0,479245283018868;0,56701030927835;0,439882697947214;0,42156862745098;0,395136778115502;84;172;cacgtcctt;c
13;INDEL_lower_path_712;INS;0,5;0;0,627831715210356;0,740350877192983;0,722602739726027;0,669590643274854;0,65625;0,694779116465863;136;78;aca;a
14;INDEL_lower_path_24926;INS;0,5;0;0,495702005730659;0,578778135048232;0,544303797468354;0,508710801393728;0,631746031746032;0,595394736842105;143;147;aagagttaa;a
15;INDEL_lower_path_20647;INS;0,152777777777778;0,504132231404959;0,921316165951359;0,836182336182336;0,913875598086124;0,913630229419703;0,900621118012422;0,878088962108731;60;201;gagtc;g
16;INDEL_lower_path_2903;INS;0,5;0;0,154040404040404;0,259946949602122;0,18546365914787;0,217142857142857;0,242788461538462;0,265402843601896;67;120;ct;c
17;INDEL_lower_path_82;INS;0,5;0;0,723214285714286;0,782051282051282;0,66789667896679;0,733413751507841;0,707133917396746;0,796242774566474;199;87;ttg;t
18;INDEL_lower_path_23300;INS;0,5;0;0,521798365122616;0,579166666666667;0,530183727034121;0,548472775564409;0,446835443037975;0,604538087520259;97;75;catt;c
19;INDEL_lower_path_23253;INS;0,5;0;0,614545454545455;0,482490272373541;0,528735632183908;0,498381877022654;0,6;0,527426160337553;81;78;gcgc;g
20;INDEL_lower_path_18873;INS;0,5;0;0,431129476584022;0,439172749391727;0,348238482384824;0,440420560747664;0,492518703241895;0,354466858789625;216;76;cgtctgt;c
21;INDEL_lower_path_23802;INS;0,5;0;0,619422572178478;0,673529411764706;0,677966101694915;0,6;0,663690476190476;0,73876404494382;132;176;taact;t
22;INDEL_lower_path_5835;INS;0,5;0;0,330143540669856;0,355855855855856;0,317180616740088;0,398268398268398;0,39463601532567;0,264044943820225;145;149;acc;a
23;INDEL_lower_path_26807;INS;0,5;0;0,3;0,311688311688312;0,316546762589928;0,416666666666667;0,393659180977543;0,362847222222222;238;55;at;a
24;INDEL_lower_path_15616;INS;0,152777777777778;0,504132231404959;0,907079646017699;0,91268758526603;0,881707317073171;0,907626208378088;0,848130841121495;0,864150943396226;70;164;ggtgaggtggggtcgctcccacgtgggacatggaaggcaacAATACGTTGTAGC;g
25;INDEL_lower_path_15617;INS;0,277777777777778;0,496;0,889328063241107;0,898251192368839;0,852359208523592;0,890724269377382;0,809384164222874;0,83661119515885;70;164;ggtgaggtggggtcgctcccacgtgggacatggaaggcaacAATACGTTGTAGC;g
26;INDEL_lower_path_15618;INS;0,375;0,466666666666667;0,865168539325843;0,880149812734082;0,831597222222222;0,869300911854103;0,803030303030303;0,8272;70;164;ggtgaggtggggtcgctcccacgtgggacatggaaggcaacAATACGTTGTAGC;g
27;INDEL_lower_path_21644;INS;0,5;0;0,451190476190476;0,502;0,434125269978402;0,374342797055731;0,475321888412017;0,516528925619835;77;72;tccc;t
28;INDEL_lower_path_768;INS;0,5;NA;0,54978354978355;0,549107142857143;0,506437768240343;0,433333333333333;0,504347826086956;0,580808080808081;68;194;ctaaactcccctaaacagcta;c
29;INDEL_lower_path_30889;INS;0,375;0,466666666666667;0,837375178316691;0,839080459770115;0,861924686192469;0,893782383419689;0,86875;0,839393939393939;85;59;tat;t
30;INDEL_lower_path_20383;INS;0,5;0;0,709770114942529;0,703533026113671;0,655007949125596;0,741286863270777;0,654377880184332;0,758998435054773;217;50;gtcctcaac;g
31;INDEL_lower_path_3260;INS;0,5;0;0,384711779448622;0,344961240310077;0,315186246418338;0,444755244755245;0,405673758865248;0,368503937007874;78;209;gg;g
32;INDEL_lower_path_30783;INS;0,375;0,466666666666667;0,860979462875197;0,861685214626391;0,834108527131783;0,837070254110613;0,784345047923323;0,885658914728682;50;243;cctg;c
33;INDEL_lower_path_9061;INS;0,5;0;0,421418636995827;0,317037037037037;0,421052631578947;0,335413416536661;0,387096774193548;0,366056572379368;205;99;gca;g
34;INDEL_lower_path_26960;INS;0,5;0;0,631713554987212;0,653763440860215;0,615079365079365;0,576059850374065;0,613259668508287;0,590277777777778;224;80;tt;t
35;INDEL_lower_path_2916;INS;0,5;0;0,571428571428571;0,539156626506024;0,551083591331269;0,603448275862069;0,588785046728972;0,647457627118644;50;50;tg;t
36;INDEL_lower_path_1838;INS;0,5;0;0,656771799628942;0,771626297577855;0,797074954296161;0,72212389380531;0,748953974895398;0,742209631728045;63;198;caggagcgtc;c
37;INDEL_lower_path_15894;INS;0,5;NA;0,424390243902439;0,450549450549451;0,41991341991342;0,458823529411765;0,545918367346939;0,416666666666667;210;98;cctg;c
38;INDEL_lower_path_1698;INS;0,152777777777778;0,504132231404959;0,859803921568628;0,848756218905473;0,92495126705653;0,910280373831776;0,901258470474347;0,878493317132442;259;73;ca;c
39;INDEL_lower_path_30256;INS;0;NA;0,105499438832772;0,079520697167756;0,0636363636363636;0,109820485744456;0,144200626959248;0,0794871794871795;246;74;cac;c
40;INDEL_lower_path_29615;INS;0,5;0;0,68361581920904;0,71577380952381;0,780346820809249;0,770718232044199;0,68732782369146;0,761245674740484;112;64;actcagc;a
41;INDEL_lower_path_18455;INS;0,5;0;0,252450980392157;0,200534759358289;0,221079691516709;0,341645885286783;0,272300469483568;0,26123595505618;148;178;cac;c
42;INDEL_lower_path_32186;INS;0,5;0;0,708838821490468;0,708041958041958;0,808695652173913;0,705989110707804;0,720703125;0,785046728971963;172;103;gat;g
43;INDEL_lower_path_662;INS;0,5;0;0,709090909090909;0,630241423125794;0,56786703601108;0,648351648351648;0,592736705577173;0,657004830917874;209;74;at;a
44;INDEL_lower_path_8587;INS;0,5;0;0,539184952978056;0,574829931972789;0,59409594095941;0,561959654178674;0,440729483282675;0,54635761589404;73;253;ata;a
45;INDEL_lower_path_186;INS;0,5;0;0,74384236453202;0,810650887573965;0,822033898305085;0,812785388127854;0,74869109947644;0,827848101265823;61;60;ctgcagtaagtattccacacgtg;c
46;INDEL_lower_path_30445;INS;0,444444444444444;0,4;0,190576652601969;0,124633431085044;0,178270849273145;0,156881616939365;0,188929889298893;0,102196752626552;68;243;catgc;c
47;INDEL_lower_path_13916;INS;0,5;0;0,50965250965251;0,547703180212014;0,583916083916084;0,5;0,63594470046083;0,533057851239669;175;116;gagc;g
48;INDEL_lower_path_26483;INS;0,5;0;0,214285714285714;0,272727272727273;0,257534246575343;0,244776119402985;0,23489932885906;0,149019607843137;122;90;ca;c
49;INDEL_lower_path_9949;INS;0,5;0;0,425855513307985;0,457364341085271;0,394736842105263;0,368;0,419642857142857;0,392241379310345;125;107;gt;g
50;INDEL_lower_path_645;INS;0,5;0;0,542016806722689;0,544615384615385;0,557971014492754;0,612903225806452;0,59375;0,683962264150943;88;118;ca;c
51;INDEL_lower_path_1100;INS;0,5;0;0,682170542635659;0,622710622710623;0,646428571428571;0,598705501618123;0,63013698630137;0,753303964757709;132;101;cgctagcctacacatggctccgtcaataaggttaggagtgacacg;c
52;INDEL_lower_path_25774;INS;0,5;NA;0,584375;0,704022988505747;0,621794871794872;0,573407202216067;0,64026402640264;0,626984126984127;203;80;ttctgcagccctgaccactcag;t
53;INDEL_lower_path_21598;INS;0,5;0;0,442687747035573;0,552941176470588;0,531598513011152;0,492592592592593;0,568253968253968;0,46551724137931;130;164;cgc;c
54;INDEL_lower_path_761;INS;0,444444444444444;0,4;0,190851735015773;0,194879089615932;0,200886262924668;0,235202492211838;0,144393241167435;0,136186770428016;213;63;gttt;g
55;INDEL_lower_path_898;INS;0,5;0;0,594362745098039;0,627425614489004;0,664688427299703;0,724137931034483;0,591494845360825;0,610915492957746;107;172;ct;c
56;INDEL_lower_path_8964;INS;0,5;0;0,739512195121951;0,701284796573876;0,820803295571576;0,784867821330902;0,774590163934426;0,764161849710983;64;104;tgatcggaggggggctcttcgtaag;t
57;INDEL_lower_path_4909;INS;0,5;0;0,438162544169611;0,516778523489933;0,526515151515151;0,410828025477707;0,466417910447761;0,41869918699187;124;145;tacaat;t
58;INDEL_lower_path_14619;INS;0,5;0;0,751840168243954;0,822565091610415;0,762679425837321;0,828947368421053;0,824271844660194;0,838383838383838;53;54;gca;g
59;INDEL_lower_path_25991;INS;0,5;0;0,688442211055276;0,650684931506849;0,62839248434238;0,730923694779116;0,729119638826185;0,704485488126649;96;141;tc;t
60;INDEL_lower_path_29720;INS;0,5;0;0,706821480406386;0,592088998763906;0,624505928853755;0,561006289308176;0,57958687727825;0,614814814814815;58;223;cct;c
61;INDEL_lower_path_1414;INS;0,5;0;0,597796143250689;0,631979695431472;0,555858310626703;0,690661478599222;0,576112412177986;0,606299212598425;117;72;ttagc;t
62;INDEL_lower_path_82;INS;0,5;NA;0,478571428571429;0,560483870967742;0,493670886075949;0,56;0,433497536945813;0,44392523364486;80;62;agag;a
63;INDEL_lower_path_25384;INS;0,5;0;0,451612903225806;0,361818181818182;0,426890756302521;0,427027027027027;0,396880415944541;0,522556390977444;75;87;gc;g
64;INDEL_lower_path_26376;INS;0,152777777777778;0,504132231404959;0,9225;0,9002849002849;0,829021372328459;0,895040369088812;0,903600464576074;0,903174603174603;59;88;taagcatctg;t
65;INDEL_lower_path_21224;INS;0,5;0;0,376666666666667;0,451827242524917;0,347003154574132;0,306049822064057;0,401515151515151;0,421052631578947;128;66;gc;g
66;INDEL_lower_path_3008;INS;0,486111111111111;0,265306122448979;0,181147540983607;0,222317596566524;0,136915077989601;0,173166926677067;0,17032967032967;0,263452914798206;77;58;gg;g
67;INDEL_lower_path_5276;INS;0,5;0;0,638888888888889;0,662207357859532;0,703030303030303;0,578034682080925;0,616045845272206;0,646103896103896;85;122;aaa;a
68;INDEL_lower_path_25067;INS;0,5;0;0,595070422535211;0,651079136690647;0,610169491525424;0,633561643835616;0,633846153846154;0,528169014084507;143;154;cg;c
69;INDEL_lower_path_30362;INS;0;NA;0,878446115288221;0,903401360544218;0,891925465838509;0,898623279098874;0,912087912087912;0,910606060606061;85;202;tgt;t
70;INDEL_lower_path_20741;INS;0;NA;0,898305084745763;0,952535059331176;0,917502787068004;0,949121184088807;0,923766816143498;0,96524064171123;181;91;ct;c
71;INDEL_lower_path_31790;INS;0,5;0;0,496984318455971;0,58974358974359;0,592190889370933;0,561629153269025;0,467379679144385;0,510745891276865;51;249;cat;c
72;INDEL_lower_path_816;INS;0,5;0;0,301401869158878;0,319783197831978;0,289835164835165;0,320417287630402;0,226837060702875;0,280542986425339;57;76;gg;g
73;INDEL_lower_path_6007;INS;0,5;0;0,764227642276423;0,734375;0,741518578352181;0,697736351531292;0,703947368421053;0,823051948051948;182;70;cag;c
74;INDEL_lower_path_12379;INS;0,5;0;0,3875;0,371134020618557;0,323170731707317;0,431952662721893;0,440972222222222;0,417061611374408;99;150;cc;c
75;INDEL_lower_path_21280;INS;0,5;0;0,641404805914972;0,66383701188455;0,656565656565657;0,628180039138943;0,677824267782427;0,680487804878049;174;77;ct;c
76;INDEL_lower_path_4521;INS;0,152777777777778;0,504132231404959;0,844854070660522;0,86950146627566;0,935532233883059;0,89010989010989;0,914728682170543;0,859706362153344;159;88;tgca;t
77;INDEL_lower_path_1072;INS;0,5;0;0,580152671755725;0,612691466083151;0,69949494949495;0,58679706601467;0,674220963172805;0,636655948553055;106;50;tg;t
78;INDEL_lower_path_23284;INS;0,5;0;0,617537313432836;0,700450450450451;0,690322580645161;0,686666666666667;0,737777777777778;0,724279835390947;81;162;tt;t
79;INDEL_lower_path_30037;INS;0,5;0;0,411602209944751;0,297935103244838;0,365079365079365;0,271428571428571;0,323033707865168;0,327702702702703;177;106;tgggaga;t
80;INDEL_lower_path_30302;INS;0,152777777777778;0,504132231404959;0,854714064914992;0,918962722852512;0,886731391585761;0,866187050359712;0,806770098730606;0,874223602484472;212;59;tatttgtagccccactggtgggttg;t
81;INDEL_lower_path_31164;INS;0,152777777777778;0,504132231404959;0,825443786982249;0,862559241706161;0,898819561551433;0,912676056338028;0,885758998435055;0,852156057494867;53;231;aca;a
82;INDEL_lower_path_12254;INS;0,5;0;0,387096774193548;0,481060606060606;0,424812030075188;0,453237410071942;0,462809917355372;0,533834586466165;159;77;tgccttgccaa;t
83;INDEL_lower_path_3013;INS;0,375;0,466666666666667;0,112698412698413;0,154109589041096;0,200312989045383;0,16734693877551;0,131810193321617;0,126279863481229;76;215;ccg;c
84;INDEL_lower_path_16810;INS;0,5;0;0,332155477031802;0,348754448398576;0,406844106463878;0,439189189189189;0,404858299595142;0,346666666666667;144;93;ggt;g
85;INDEL_lower_path_1267;INS;0,5;0;0,564315352697095;0,599221789883268;0,638059701492537;0,603921568627451;0,695652173913043;0,60337552742616;67;166;tac;t
86;INDEL_lower_path_21323;INS;0,5;0;0,660697455230914;0,541361256544503;0,603174603174603;0,598808341608739;0,647806004618938;0,588832487309645;55;174;tc;t
87;INDEL_lower_path_27571;INS;0,152777777777778;0,504132231404959;0,14468085106383;0,142428785607196;0,176811594202899;0,141812865497076;0,115689381933439;0,078556263269639;56;207;tc;t
88;INDEL_lower_path_14672;INS;0,5;0;0,579113924050633;0,651162790697674;0,574829931972789;0,584745762711864;0,569078947368421;0,576512455516014;181;57;aacac;a
89;INDEL_lower_path_15990;INS;0,375;0,466666666666667;0,873860182370821;0,854294478527607;0,847376788553259;0,849693251533742;0,782677165354331;0,872727272727273;72;193;gaggac;g
90;INDEL_lower_path_26748;INS;0,277777777777778;0,496;0,856353591160221;0,85145482388974;0,850940665701881;0,912202380952381;0,856240126382307;0,809446254071661;72;238;ta;t
91;INDEL_lower_path_11926;INS;0,5;0;0,319796954314721;0,330935251798561;0,234501347708895;0,284671532846715;0,35;0,3;125;123;tg;t
92;INDEL_lower_path_31700;INS;0,5;0;0,556862745098039;0,511811023622047;0,499274310595065;0,593506493506494;0,598877980364656;0,492163009404389;51;147;gc;g
93;INDEL_lower_path_21926;INS;0,5;0;0,354235423542354;0,331196581196581;0,421263791374122;0,296951819075713;0,307974335472044;0,339581036383682;101;231;ag;a
94;INDEL_lower_path_17062;INS;0,486111111111111;0,265306122448979;0,236080178173719;0,190255220417633;0,143250688705234;0,228110599078341;0,155339805825243;0,185714285714286;50;190;tca;t
95;INDEL_lower_path_2833;INS;0,5;0;0,319702602230483;0,298561151079137;0,335766423357664;0,416107382550336;0,313492063492063;0,310502283105023;154;143;acc;a
96;INDEL_lower_path_2702;INS;0,486111111111111;0,265306122448979;0,228934817170111;0,223832528180354;0,208034433285509;0,179856115107914;0,177394034536892;0,119507908611599;221;54;gc;g
97;INDEL_lower_path_1521;INS;0,5;0;0,830049261083744;0,797216699801193;0,827586206896552;0,811659192825112;0,719072164948454;0,827740492170022;148;146;ga;g
98;INDEL_lower_path_23185;INS;0,5;0;0,815261044176707;0,767068273092369;0,819639278557114;0,710300429184549;0,759590792838875;0,797385620915033;61;187;taa;t
99;INDEL_lower_path_15;INS;0,486111111111111;0,265306122448979;0,768187422934649;0,759006211180124;0,858823529411765;0,810615199034982;0,752645502645503;0,756954612005857;221;60;ct;c
100;INDEL_lower_path_29180;INS;0,5;0;0,642430278884462;0,622902270483712;0,6403242147923;0,598448108632396;0,675403225806452;0,733250620347395;90;107;ccagaccacgtacaacggcgtg;c
101;INDEL_lower_path_10143;INS;0,5;0;0,612433862433862;0,628458498023715;0,731903485254692;0,685929648241206;0,656023222060958;0,632743362831858;57;217;aa;a
102;INDEL_lower_path_10558;INS;0,486111111111111;0,265306122448979;0,758620689655172;0,772166105499439;0,792668957617411;0,763018065887354;0,825938566552901;0,876971608832808;191;90;ag;a
103;INDEL_lower_path_14085;INS;0,5;0;0,706192358366271;0,692532942898975;0,761713520749665;0,714463840399002;0,680412371134021;0,6352;97;81;agaggtg;a
104;INDEL_lower_path_21325;INS;0,5;0;0,53743961352657;0,498054474708171;0,508301404853129;0,432314410480349;0,44019728729963;0,525423728813559;50;225;gc;g
105;INDEL_lower_path_27236;INS;0;NA;0,0939226519337016;0,0524233432245301;0,106651376146789;0,110734463276836;0,123863636363636;0,117177097203728;65;227;at;a
106;INDEL_lower_path_27561;INS;0,5;0;0,634241245136187;0,662020905923345;0,628;0,587096774193548;0,66542750929368;0,720430107526882;117;88;cactgag;c
107;INDEL_lower_path_21507;INS;0,5;0;0,421750663129973;0,396694214876033;0,359897172236504;0,385542168674699;0,423631123919308;0,484848484848485;274;50;ct;c
108;INDEL_lower_path_15248;INS;0,444444444444444;0,4;0,842712842712843;0,864457831325301;0,826271186440678;0,780590717299578;0,812960235640648;0,86115992970123;223;50;gtgatcgtcacct;g
109;INDEL_lower_path_21552;INS;0,5;NA;0,4190093708166;0,39894319682959;0,411688311688312;0,47469220246238;0,370266479663394;0,493421052631579;151;101;tt;t
110;INDEL_lower_path_225;INS;0,277777777777778;0,496;0,886870355078448;0,931340872374798;0,907780979827089;0,874190564292322;0,848880597014925;0,841386554621849;83;124;acc;a
111;INDEL_lower_path_22340;INS;0,5;NA;0,504098360655738;0,46875;0,406976744186046;0,461187214611872;0,528888888888889;0,379310344827586;156;115;gcgg;g
112;INDEL_lower_path_9347;INS;0,5;0;0,413669064748201;0,328440366972477;0,468627450980392;0,44331983805668;0,392927308447937;0,356837606837607;53;199;gacg;g
113;INDEL_lower_path_25005;INS;0,5;0;0,252759381898455;0,366790582403965;0,263888888888889;0,288747346072187;0,326061997703789;0,269761606022585;86;64;gaa;g
114;INDEL_lower_path_29876;INS;0,5;0;0,333815028901734;0,2642089093702;0,329529243937232;0,364130434782609;0,387640449438202;0,351882160392799;205;67;tgtc;t
115;INDEL_lower_path_24342;INS;0,5;0;0,603125;0,576131687242798;0,59290780141844;0,483221476510067;0,544827586206897;0,545454545454545;86;198;atgg;a
116;INDEL_lower_path_21604;INS;0,5;NA;0,487719298245614;0,445544554455445;0,541254125412541;0,447470817120623;0,423487544483986;0,504132231404959;230;77;cc;c
117;INDEL_lower_path_5576;INS;0,5;0;0,623188405797101;0,518207282913165;0,602564102564103;0,635802469135802;0,59546925566343;0,62589928057554;80;104;ga;g
118;INDEL_lower_path_74;INS;0,5;0;0,71448275862069;0,759615384615385;0,662042875157629;0,721179624664879;0,709175738724728;0,643962848297214;79;165;gcagcttaagtaggcctcgcccaaaaacaacaaagctcttgctagc;g
119;INDEL_lower_path_4014;INS;0,5;0;0,32934131736527;0,324110671936759;0,315436241610738;0,352173913043478;0,349665924276169;0,441102756892231;66;143;gt;g
120;INDEL_lower_path_2891;INS;0,5;0;0,629370629370629;0,59622641509434;0,598425196850394;0,570934256055363;0,509505703422053;0,545081967213115;98;185;aaatac;a
121;INDEL_lower_path_7019;INS;0,5;0;0,380952380952381;0,359050445103858;0,312703583061889;0,321192052980132;0,426174496644295;0,355932203389831;135;185;gcatgtggagct;g
122;INDEL_lower_path_20973;INS;0,5;0;0,752272727272727;0,770244821092279;0,767653758542141;0,698039215686274;0,766409266409266;0,68668407310705;239;80;at;a
123;INDEL_lower_path_25655;INS;0,5;0;0,513513513513513;0,564586357039187;0,508344030808729;0,620553359683794;0,537135278514589;0,5600624024961;174;109;aagaatatct;a
124;INDEL_lower_path_3919;INS;0,5;0;0,478832116788321;0,57433489827856;0,539184952978056;0,594827586206897;0,576241134751773;0,53405017921147;234;98;ta;t
125;INDEL_lower_path_24630;INS;0,5;0;0,649309245483528;0,636170212765957;0,701882845188285;0,685288640595903;0,594420600858369;0,65301724137931;90;95;cag;c
126;INDEL_lower_path_14102;INS;0,5;0;0,591240875912409;0,593283582089552;0,585034013605442;0,565789473684211;0,528368794326241;0,494296577946768;125;165;ta;t
127;INDEL_lower_path_25013;INS;0,5;0;0,756598240469208;0,772972972972973;0,7298937784522;0,754010695187166;0,702666666666667;0,693009118541033;100;52;ga;g
128;INDEL_lower_path_25024;INS;0,5;0;0,442906574394464;0,467811158798283;0,397306397306397;0,381526104417671;0,463126843657817;0,457142857142857;62;124;gt;g
129;INDEL_lower_path_26356;INS;0,5;0;0,363934426229508;0,412969283276451;0,358552631578947;0,400611620795107;0,450793650793651;0,4;82;158;tg;t
130;INDEL_lower_path_57;INS;0,5;0;0,814946619217082;0,801351351351351;0,810543657331137;0,798333333333333;0,816455696202532;0,740601503759398;95;205;tt;t
131;INDEL_lower_path_10107;INS;0,5;0;0,796812749003984;0,748101265822785;0,773514851485149;0,816254416961131;0,770444763271162;0,757225433526012;69;211;gga;g
132;INDEL_lower_path_2933;INS;0,486111111111111;0,265306122448979;0,184747583243824;0,142142142142142;0,165970772442589;0,216856892010536;0,191860465116279;0,183129855715871;249;56;at;a
133;INDEL_lower_path_1007;INS;0,5;0;0,703184713375796;0,761955366631243;0,762295081967213;0,745519713261649;0,684278350515464;0,701550387596899;233;78;att;a
134;INDEL_lower_path_20808;INS;0,5;0;0,467836257309941;0,520119225037258;0,561430793157076;0,510431154381085;0,516883116883117;0,53322528363047;92;162;tgctcca;t
135;INDEL_lower_path_28571;INS;0,5;0;0,404129793510325;0,306273062730627;0,348066298342541;0,35243553008596;0,353689567430025;0,337883959044369;64;94;ctctctc;c
136;INDEL_lower_path_16368;INS;0,5;0;0,433333333333333;0,468085106382979;0,442253521126761;0,38423645320197;0,440828402366864;0,372307692307692;131;163;cttgccct;c
137;INDEL_lower_path_21110;INS;0,5;0;0,349001175088132;0,411556603773585;0,384264538198404;0,426041666666667;0,34338747099768;0,348284960422164;222;87;tg;t
138;INDEL_lower_path_212;INS;0,5;0;0,680100755667506;0,625974025974026;0,662365591397849;0,683438155136268;0,711627906976744;0,658959537572254;233;93;gt;g
139;INDEL_lower_path_2830;INS;0,5;0;0,749445676274945;0,716632443531828;0,736196319018405;0,756487025948104;0,813211845102506;0,748780487804878;188;54;ttg;t
140;INDEL_lower_path_252;INS;0,5;0;0,461764705882353;0,58703071672355;0,484149855907781;0,496969696969697;0,516339869281046;0,512027491408935;77;120;gaaaagcgct;g
141;INDEL_lower_path_22122;INS;0,5;0;0,660583941605839;0,630718954248366;0,656804733727811;0,715254237288136;0,713114754098361;0,614973262032086;65;52;ctgaca;c
142;INDEL_lower_path_10151;INS;0,5;0;0,441828254847645;0,48301329394387;0,466266866566717;0,516706443914081;0,451612903225806;0,44165435745938;194;96;tgt;t
143;INDEL_lower_path_3343;INS;0,152777777777778;0,504132231404959;0,902377972465582;0,843014128728414;0,881934566145092;0,886214442013129;0,892030848329049;0,891612903225806;57;91;gca;g
144;INDEL_lower_path_715;INS;0;NA;0,114173228346457;0,0746140651801029;0,0551724137931034;0,0803030303030303;0,0793787748058671;0,0521739130434783;81;233;tg;t
145;INDEL_lower_path_13435;INS;0,277777777777778;0,496;0,88130968622101;0,817236255572065;0,898975109809663;0,850589777195282;0,870535714285714;0,885964912280702;198;98;acagc;a
146;INDEL_lower_path_22608;INS;0,5;0;0,548672566371681;0,581661891117478;0,523316062176166;0,573065902578797;0,506738544474393;0,621428571428571;124;161;ctca;c
147;INDEL_lower_path_12717;INS;0,5;0;0,683972911963883;0,709349593495935;0,623059866962306;0,651416122004357;0,663265306122449;0,593264248704663;71;178;gagag;g
148;INDEL_lower_path_1946;INS;0,5;0;0,478527607361963;0,434782608695652;0,454258675078864;0,4;0,423076923076923;0,405737704918033;108;187;ac;a
149;INDEL_lower_path_5974;INS;0,5;0;0,440633245382586;0,367099567099567;0,432246998284734;0,4104134762634;0,396825396825397;0,356043956043956;91;52;agg;a
150;INDEL_lower_path_16672;INS;0,5;0;0,508982035928144;0,464831804281346;0,545741324921136;0,506925207756233;0,552287581699346;0,54416961130742;144;134;tgt;t
151;INDEL_lower_path_7440;INS;0,152777777777778;0,504132231404959;0,892405063291139;0,893819334389857;0,898697539797395;0,843501326259947;0,856175972927242;0,904315196998124;50;189;tct;t
152;INDEL_lower_path_16289;INS;0,5;0;0,515601783060921;0,464339908952959;0,474431818181818;0,402887139107612;0,485294117647059;0,483168316831683;59;229;gcacatatt;g
153;INDEL_lower_path_4194;INS;0,486111111111111;0,265306122448979;0,817204301075269;0,841870824053452;0,771144278606965;0,805736636245111;0,79456906729634;0,862068965517241;112;91;ac;a
154;INDEL_lower_path_20249;INS;0,5;0;0,311977715877437;0,35357624831309;0,274787535410765;0,297365119196989;0,361783439490446;0,32520325203252;84;207;tc;t
155;INDEL_lower_path_836;INS;0;NA;0,882558139534884;0,932051282051282;0,900878293601004;0,91609977324263;0,897526501766784;0,864864864864865;93;217;cactgcg;c
156;INDEL_lower_path_15938;INS;0,5;0;0,455271565495208;0,500878734622144;0,510500807754443;0,495711835334477;0,482692307692308;0,518041237113402;72;78;aa;a
157;INDEL_lower_path_15461;INS;0,5;0;0,397849462365591;0,4;0,388157894736842;0,373770491803279;0,373333333333333;0,36480686695279;118;151;ccg;c
158;INDEL_lower_path_21596;INS;0,5;0;0,771373679154659;0,778355879292404;0,804597701149425;0,81371640407785;0,818259385665529;0,805687203791469;58;62;gc;g
159;INDEL_lower_path_28735;INS;0,5;NA;0,526086956521739;0,544401544401544;0,576208178438662;0,547945205479452;0,521400778210117;0,507853403141361;153;106;tctgtgtctgtttgtttaat;t
160;INDEL_lower_path_20764;INS;0;NA;0,90032154340836;0,883525708289612;0,878758486905917;0,871599564744287;0,854667949951877;0,889887640449438;126;93;aa;a
161;INDEL_lower_path_3352;INS;0,5;0;0,417910447761194;0,438502673796791;0,447619047619048;0,414492753623188;0,473684210526316;0,394984326018809;178;96;ca;c
162;INDEL_lower_path_2369;INS;0,5;0;0,744736842105263;0,768888888888889;0,718518518518519;0,785145888594164;0,756521739130435;0,764119601328904;165;57;cga;c
163;INDEL_lower_path_1706;INS;0,5;0;0,467948717948718;0,438953488372093;0,451178451178451;0,460815047021944;0,469750889679715;0,518394648829431;141;139;gact;g
164;INDEL_lower_path_1174;INS;0,5;0;0,453237410071942;0,52851711026616;0,50354609929078;0,474074074074074;0,472222222222222;0,457983193277311;176;106;aa;a
165;INDEL_lower_path_30123;INS;0,5;0;0,411531938948559;0,396876682821755;0,381594372801876;0,393954168698196;0,402383654937571;0,411184210526316;83;91;acacatgtacatacacacacatgtca;a
166;INDEL_lower_path_31481;INS;0,5;0;0,553444180522565;0,527683615819209;0,611713665943601;0,540386803185438;0,563802083333333;0,571611253196931;78;77;aagagaaa;a
167;INDEL_lower_path_1154;INS;0,152777777777778;0,504132231404959;0,842998585572843;0,862644415917843;0,894736842105263;0,879788639365918;0,895939086294416;0,877458396369138;56;208;ag;a
168;INDEL_lower_path_15529;INS;0;NA;0,906077348066298;0,900801603206413;0,88496583143508;0,905622489959839;0,879690949227373;0,895886889460154;60;270;ca;c
169;INDEL_lower_path_3484;INS;0,5;0;0,603238866396761;0,596026490066225;0,636856368563686;0,630252100840336;0,636363636363636;0,623655913978495;83;195;aa;a
170;INDEL_lower_path_18644;INS;0,5;0;0,751104565537555;0,664540816326531;0,665369649805448;0,66785290628707;0,638522427440633;0,688046647230321;237;52;cctccgcgc;c
171;INDEL_lower_path_6905;INS;0;NA;0,892941176470588;0,889851485148515;0,892813641900122;0,885964912280702;0,88722669735328;0,87175572519084;247;76;agg;a
172;INDEL_lower_path_22126;INS;0,5;0;0,206091370558376;0,225325884543762;0,200573065902579;0,220190779014308;0,201983769161407;0,260042283298097;93;60;acaaagacaaacacaa;a
173;INDEL_lower_path_2103;INS;0,5;0;0,380177514792899;0,38034188034188;0,468023255813954;0,445820433436533;0,450662739322533;0,349775784753363;81;146;cc;c
174;INDEL_lower_path_20314;INS;0;NA;0,912011173184358;0,905479452054795;0,878709677419355;0,879227053140097;0,857908847184987;0,889081455805893;242;77;ca;c
175;INDEL_lower_path_2313;INS;0,5;0;0,511904761904762;0,578947368421053;0,579365079365079;0,543478260869565;0,557851239669422;0,568093385214008;103;71;tca;t
176;INDEL_lower_path_60;INS;0,5;0;0,542168674698795;0,56687898089172;0,516447368421053;0,577049180327869;0,570967741935484;0,568181818181818;103;170;ga;g
177;INDEL_lower_path_4011;INS;0,5;0;0,554987212276215;0,529769137302552;0,585798816568047;0,584180790960452;0,556400506970849;0,566906474820144;201;106;aa;a
178;INDEL_lower_path_665;INS;0,5;0;0,745454545454545;0,776758409785933;0,718706047819972;0,756198347107438;0,745508982035928;0,751962323390895;111;87;agggtgacagccggtagggag;a
179;INDEL_lower_path_5583;INS;0,5;0;0,528089887640449;0,536820371644873;0,52072864321608;0,517523364485981;0,523997370151216;0,522085445329471;141;114;cca;c
180;INDEL_lower_path_2820;INS;0,5;0;0,644483362521891;0,687394957983193;0,641818181818182;0,713774597495528;0,677799607072691;0,670995670995671;194;71;tgctgtcttaact;t
181;INDEL_lower_path_20297;INS;0,5;0;0,514308426073132;0,484732824427481;0,536988685813751;0,498866213151927;0,51025641025641;0,455729166666667;62;87;cctccggtg;c
182;INDEL_lower_path_17440;INS;0;NA;0,90041928721174;0,9140708915145;0,910493827160494;0,901750972762646;0,916184971098266;0,931216931216931;167;76;gcc;g
183;INDEL_lower_path_24759;INS;0,5;0;0,420289855072464;0,394904458598726;0,420779220779221;0,366028708133971;0,381868131868132;0,339285714285714;192;57;caac;c
184;INDEL_lower_path_19627;INS;0,5;0;0,527599486521181;0,498064516129032;0,487935656836461;0,536912751677852;0,476863753213368;0,5578125;219;98;ccg;c
185;INDEL_lower_path_1431;INS;0,5;0;0,614285714285714;0,676549865229111;0,648275862068965;0,643051771117166;0,642011834319527;0,635338345864662;126;143;cc;c
186;INDEL_lower_path_14075;INS;0,5;0;0,493034055727554;0,483922829581994;0,485931558935361;0,481832543443918;0,498793242156074;0,491304347826087;78;188;ttcag;t
187;INDEL_lower_path_9805;INS;0,5;0;0,268867924528302;0,304651162790698;0,301245753114383;0,298283261802575;0,265200517464424;0,26159793814433;84;66;gag;g
188;INDEL_lower_path_172;INS;0,5;0;0,66304347826087;0,668523676880223;0,717579250720461;0,708333333333333;0,683962264150943;0,694444444444444;130;130;tg;t
189;INDEL_lower_path_30514;INS;0,5;0;0,793904208998549;0,804761904761905;0,771034482758621;0,824242424242424;0,811165845648604;0,798913043478261;267;57;ag;a
190;INDEL_lower_path_27051;INS;0,5;0;0,720930232558139;0,747747747747748;0,715801886792453;0,745633187772926;0,772785622593068;0,742296918767507;114;70;tg;t
191;INDEL_lower_path_5090;INS;0,5;0;0,608208955223881;0,660079051383399;0,582959641255605;0,59409594095941;0,634703196347032;0,646808510638298;141;150;gga;g
192;INDEL_lower_path_1570;INS;0,5;0;0,627764127764128;0,616541353383459;0,653648509763618;0,619589977220957;0,6;0,583743842364532;88;98;ct;c
193;INDEL_lower_path_9853;INS;0,375;0,466666666666667;0,850507982583454;0,857361963190184;0,863563402889246;0,837939698492462;0,866176470588235;0,842364532019704;153;72;aaa;a
194;INDEL_lower_path_26281;INS;0,5;0;0,796686746987952;0,809256661991585;0,82158273381295;0,790896159317212;0,833592534992224;0,807142857142857;206;82;caca;c
195;INDEL_lower_path_19204;INS;0,277777777777778;0,496;0,875428571428571;0,858313817330211;0,86053412462908;0,86405529953917;0,844139650872818;0,835329341317365;201;78;tct;t
196;INDEL_lower_path_10160;INS;0,152777777777778;0,504132231404959;0,868284228769497;0,829268292682927;0,86385737439222;0,860426929392447;0,874388254486134;0,855595667870036;78;211;aag;a
197;INDEL_lower_path_7792;INS;0,5;0;0,539256198347107;0,556935817805383;0,580705009276438;0,595284872298625;0,597222222222222;0,615384615384615;134;110;cc;c
198;INDEL_lower_path_12750;INS;0,5;0;0,377260981912145;0,359165424739195;0,421124828532236;0,351387054161162;0,355021216407355;0,354788069073783;179;103;tg;t
199;INDEL_lower_path_897;INS;0;NA;0,940456769983687;0,926674593737614;0,917913465426607;0,947084233261339;0,967609676096761;0,92390289449113;86;73;gggtccaact;g
200;INDEL_lower_path_20681;INS;0,5;0;0,579439252336449;0,55187969924812;0,57994923857868;0,626126126126126;0,575096277278562;0,623815967523681;57;67;at;a
201;INDEL_lower_path_2764;INS;0;NA;0,906838453914767;0,907949790794979;0,912653975363942;0,875117370892019;0,89027149321267;0,884763124199744;87;88;tg;t
202;INDEL_lower_path_29931;INS;0,5;NA;0,375136314067612;0,34093637454982;0,381278538812785;0,381104033970276;0,328671328671329;0,414880201765448;171;112;tgc;t
203;INDEL_lower_path_21345;INS;0,5;0;0,237327188940092;0,230110159118727;0,204976303317536;0,214962121212121;0,270788912579957;0,201210287443268;71;63;gt;g
204;INDEL_lower_path_17397;INS;0,5;NA;0,545774647887324;0,584699453551913;0,538940809968847;0,57741935483871;0,616822429906542;0,542521994134897;52;52;cacacca;c
205;INDEL_lower_path_7068;INS;0,5;0;0,645287958115183;0,621903520208605;0,619812583668005;0,624856156501726;0,632944228274968;0,635693215339233;207;71;gc;g
206;INDEL_lower_path_22691;INS;0,5;0;0,342503438789546;0,283076923076923;0,315712187958884;0,315126050420168;0,331536388140162;0,330170777988615;75;240;gctcctagct;g
207;INDEL_lower_path_110;INS;0,5;0;0,508863399374348;0,556711758584807;0,489795918367347;0,56508875739645;0,497243660418964;0,54416961130742;180;99;ca;c
208;INDEL_lower_path_31779;INS;0,5;0;0,695384615384615;0,603125;0,592233009708738;0,639296187683284;0,632258064516129;0,598684210526316;66;142;aa;a
209;INDEL_lower_path_16136;INS;0,5;0;0,352713178294574;0,382899628252788;0,390572390572391;0,423631123919308;0,391941391941392;0,442446043165468;138;145;ca;c
210;INDEL_lower_path_2697;INS;0,5;0;0,610854503464203;0,60275319567355;0,559456398640997;0,565268065268065;0,606796116504854;0,559850374064838;90;70;ct;c
211;INDEL_lower_path_11073;INS;0,5;0;0,636200716845878;0,575441412520064;0,590992647058824;0,628184713375796;0,626383763837638;0,619099890230516;96;210;tg;t
212;INDEL_lower_path_29777;INS;0,5;0;0,584487534626039;0,532212885154062;0,608575380359613;0,574969021065675;0,560693641618497;0,553429027113238;199;87;atgcaa;a
213;INDEL_lower_path_1668;INS;0,5;0;0,292441140024783;0,28961038961039;0,33547557840617;0,266877637130802;0,3;0,272727272727273;170;109;gtg;g
214;INDEL_lower_path_11275;INS;0,277777777777778;0,496;0,853658536585366;0,868078175895765;0,811953352769679;0,849749582637729;0,85958904109589;0,852886405959032;70;199;atga;a
215;INDEL_lower_path_2092;INS;0,5;0;0,723723723723724;0,766881028938907;0,766929133858268;0,795827123695976;0,797734627831715;0,809980806142035;65;213;cctccttctcctgagaggc;c
216;INDEL_lower_path_29291;INS;0,5;0;0,703470031545741;0,758842443729904;0,787155963302752;0,764406779661017;0,746575342465753;0,778571428571429;212;69;tcac;t
217;INDEL_lower_path_361;INS;0,5;0;0,613293051359517;0,614705882352941;0,633802816901408;0,598101265822785;0,570224719101124;0,586206896551724;106;122;tg;t
218;INDEL_lower_path_30583;INS;0,5;0;0,541718555417185;0,534340659340659;0,596730245231608;0,489088575096277;0,551365409622887;0,544982698961938;54;102;tcagccaag;t
219;INDEL_lower_path_6099;INS;0,5;0;0,478474784747847;0,514685314685315;0,552404438964242;0,521176470588235;0,47012987012987;0,545325779036827;200;95;ctg;c
220;INDEL_lower_path_7079;INS;0;NA;0,908366533864542;0,875227686703097;0,888782358581016;0,885823025689819;0,895771878072763;0,872997711670481;54;171;ggg;g
221;INDEL_lower_path_7399;INS;0,5;0;0,323287671232877;0,274626865671642;0,231231231231231;0,288629737609329;0,238805970149254;0,261829652996845;50;152;cttgc;c
222;INDEL_lower_path_3193;INS;0,5;0;0,609504132231405;0,656903765690377;0,616906474820144;0,59106529209622;0,662790697674419;0,551422319474836;72;133;aaa;a
223;INDEL_lower_path_623;INS;0,5;0;0,549586776859504;0,555555555555556;0,545454545454545;0,501930501930502;0,48068669527897;0,454935622317597;104;177;ccaaata;c
224;INDEL_lower_path_55;INS;0,375;0,466666666666667;0,851182197496523;0,873343151693667;0,882591093117409;0,846666666666667;0,846896551724138;0,911816578483245;80;208;gg;g
225;INDEL_lower_path_17489;INS;0,5;0;0,696489241223103;0,663484486873508;0,611650485436893;0,635179153094463;0,631101021566402;0,662983425414365;76;193;ac;a
226;INDEL_lower_path_3921;INS;0,5;0;0,525423728813559;0,565789473684211;0,471976401179941;0,501971090670171;0,508496732026144;0,488921713441654;72;206;tcgga;t
227;INDEL_lower_path_2875;INS;0,5;0;0,478927203065134;0,512893982808023;0,541666666666667;0,57185628742515;0,51;0,506622516556291;64;196;gt;g
228;INDEL_lower_path_29856;INS;0,5;0;0,571917808219178;0,609848484848485;0,636054421768707;0,6;0,617543859649123;0,543071161048689;146;131;tctcaatcct;t
229;INDEL_lower_path_11972;INS;0,5;0;0,609238451935081;0,712778429073857;0,62035010940919;0,641870350690755;0,630887185104053;0,594405594405594;227;61;ggacacga;g
230;INDEL_lower_path_27298;INS;0,5;0;0,701946472019465;0,750335570469799;0,667989417989418;0,740944017563117;0,769134253450439;0,754820936639118;82;57;ga;g
231;INDEL_lower_path_163;INS;0,5;0;0,423791821561338;0,458333333333333;0,449230769230769;0,444767441860465;0,505376344086022;0,367588932806324;72;195;gg;g
232;INDEL_lower_path_26428;INS;0,5;0;0,651006711409396;0,607565011820331;0,652310924369748;0,654294803817603;0,655286343612335;0,549744897959184;176;110;aagtgccactggtta;a
233;INDEL_lower_path_16836;INS;0;NA;0,932098765432099;0,913179916317992;0,919504643962848;0,909940526762957;0,920812182741117;0,946198830409357;78;96;gca;g
234;INDEL_lower_path_804;INS;0,5;0;0,71712158808933;0,7325;0,815104166666667;0,776053215077605;0,731770833333333;0,75177304964539;89;107;ct;c
235;INDEL_lower_path_7896;INS;0,5;0;0,644508670520231;0,614243323442137;0,589905362776025;0,639566395663957;0,644986449864499;0,606153846153846;118;76;aca;a
236;INDEL_lower_path_8843;INS;0,5;0;0,552188552188552;0,479099678456592;0,533101045296167;0,512544802867384;0,598639455782313;0,532679738562091;162;131;ttc;t
237;INDEL_lower_path_25994;INS;0,5;0;0,538461538461538;0,540350877192982;0,587301587301587;0,482649842271293;0,555183946488294;0,584033613445378;120;126;gaggtagct;g
238;INDEL_lower_path_14727;INS;0,5;0;0,499013806706114;0,558011049723757;0,53515625;0,494140625;0,536437246963563;0,449897750511247;60;152;cg;c
239;INDEL_lower_path_3513;INS;0,5;0;0,252508361204013;0,276923076923077;0,269345238095238;0,23950233281493;0,258164852255054;0,183266932270916;59;198;gtatgtgc;g
240;INDEL_lower_path_23542;INS;0,5;0;0,779661016949153;0,791344667697063;0,773560209424084;0,788331071913161;0,797858099062918;0,794561933534743;67;237;ca;c
241;INDEL_lower_path_1300;INS;0,5;0;0,433898305084746;0,418679549114332;0,48714069591528;0,420529801324503;0,522480620155039;0,465979381443299;54;182;tgcatgac;t
242;INDEL_lower_path_30477;INS;0,5;0;0,406666666666667;0,45993031358885;0,456375838926175;0,372727272727273;0,445121951219512;0,3886925795053;175;109;gtgc;g
243;INDEL_lower_path_19956;INS;0,5;0;0,530612244897959;0,651567944250871;0,638225255972696;0,63258785942492;0,625418060200669;0,695652173913043;125;53;gttagtcagacacacctctacag;g
244;INDEL_lower_path_27664;INS;0,5;0;0,751814223512337;0,802023121387283;0,786061588330632;0,82972582972583;0,842715231788079;0,8;82;188;ctcagtcatgc;c
245;INDEL_lower_path_10161;INS;0,5;0;0,425396825396825;0,490909090909091;0,48828125;0,444078947368421;0,45141065830721;0,53515625;104;199;gtt;g
246;INDEL_lower_path_27564;INS;0,5;0;0,590909090909091;0,542124542124542;0,578740157480315;0,522099447513812;0,626262626262626;0,564;107;126;gaataaat;g
247;INDEL_lower_path_30370;INS;0,486111111111111;0,265306122448979;0,164879356568365;0,117105263157895;0,210457516339869;0,175245098039216;0,161849710982659;0,183458646616541;230;62;ag;a
248;INDEL_lower_path_21423;INS;0,5;NA;0,540772532188841;0,469090909090909;0,537735849056604;0,456521739130435;0,502673796791444;0,555555555555556;101;154;ct;c
249;INDEL_lower_path_19163;INS;0,5;0;0,351351351351351;0,365243004418262;0,350078492935636;0,39171974522293;0,416206261510129;0,321357285429142;82;224;tt;t
250;INDEL_lower_path_278;INS;0,5;0;0,368421052631579;0,347402597402597;0,348837209302326;0,386138613861386;0,326996197718631;0,323308270676692;116;95;tctg;t
251;INDEL_lower_path_519;INS;0,5;0;0,281045751633987;0,304232804232804;0,312649164677804;0,365217391304348;0,328918322295806;0,342268041237113;223;57;aac;a
252;INDEL_lower_path_14701;INS;0,5;NA;0,555878084179971;0,559834938101788;0,482117310443491;0,514372163388805;0,495145631067961;0,549199084668192;176;104;caggtctacagaccagcaggtagctgttatgtg;c
253;INDEL_lower_path_10222;INS;0,5;0;0,612403100775194;0,53448275862069;0,529616724738676;0,551282051282051;0,602316602316602;0,579399141630901;71;157;aac;a
254;INDEL_lower_path_19997;INS;0,5;0;0,723577235772358;0,745210727969349;0,717352415026834;0,745059288537549;0,793103448275862;0,783132530120482;187;57;gc;g
255;INDEL_lower_path_2168;INS;0,5;0;0,799709724238026;0,778723404255319;0,818731117824773;0,748326639892905;0,747517730496454;0,79504132231405;116;52;gcgag;g
256;INDEL_lower_path_18415;INS;0,5;0;0,763523956723339;0,71875;0,780445969125214;0,805059523809524;0,792387543252595;0,802816901408451;230;60;ctg;c
257;INDEL_lower_path_337;INS;0,5;0;0,627717391304348;0,580213903743315;0,689265536723164;0,639784946236559;0,64066852367688;0,661764705882353;64;156;tctcacacagc;t
258;INDEL_lower_path_5494;INS;0,5;0;0,667785234899329;0,582191780821918;0,663003663003663;0,649350649350649;0,68013468013468;0,645669291338583;134;78;tcg;t
259;INDEL_lower_path_15134;INS;0,5;0;0,412371134020619;0,387533875338753;0,391437308868501;0,363867684478371;0,404210526315789;0,311178247734139;70;170;ggcgc;g
260;INDEL_lower_path_27760;INS;0,277777777777778;0,496;0,800878477306003;0,903010033444816;0,884555382215289;0,817886178861789;0,852614896988906;0,86449864498645;191;90;tagcaac;t
261;INDEL_lower_path_73;INS;0,5;NA;0,426923076923077;0,350230414746544;0,451737451737452;0,388888888888889;0,376623376623377;0,347826086956522;158;81;agag;a
262;INDEL_lower_path_2973;INS;0,5;0;0,636871508379888;0,64247311827957;0,645;0,561046511627907;0,626229508196721;0,625454545454545;104;85;gga;g
263;INDEL_lower_path_11923;INS;0,5;0;0,577519379844961;0,541044776119403;0,635658914728682;0,589171974522293;0,533101045296167;0,526923076923077;68;98;taa;t
264;INDEL_lower_path_1095;INS;0,5;0;0,557814485387548;0,542626728110599;0,51394422310757;0,547235023041475;0,572827417380661;0,463945578231293;267;68;tca;t
265;INDEL_lower_path_2947;INS;0,277777777777778;0,496;0,859430604982206;0,875;0,851170568561873;0,891588785046729;0,823741007194245;0,855855855855856;89;52;ct;c
266;INDEL_lower_path_22008;INS;0,5;0;0,63508064516129;0,563131313131313;0,580188679245283;0,570484581497797;0,624737945492662;0,628509719222462;89;66;tctcatctttggc;t
267;INDEL_lower_path_5557;INS;0,5;0;0,759229534510433;0,78735632183908;0,806748466257669;0,812071330589849;0,745562130177515;0,773831775700935;76;203;acc;a
268;INDEL_lower_path_14962;INS;0,5;0;0,670143415906128;0,690958164642375;0,738714090287278;0,727272727272727;0,686567164179104;0,745709828393136;53;221;gctccttcgaccggccagagaacagcaggtAGGACCTTAGTTACTATGGGTACCG;g
269;INDEL_lower_path_2560;INS;0,5;0;0,572340425531915;0,499108734402852;0,49908592321755;0,560137457044674;0,560483870967742;0,501022494887525;189;92;ga;g
270;INDEL_lower_path_19143;INS;0,5;0;0,413301662707839;0,36318407960199;0,444444444444444;0,397647058823529;0,477722772277228;0,413978494623656;172;123;ac;a
271;INDEL_lower_path_5218;INS;0,5;0;0,525906735751295;0,615217391304348;0,552995391705069;0,566757493188011;0,613707165109034;0,576923076923077;147;121;gc;g
272;INDEL_lower_path_15946;INS;0,5;0;0,66;0,725165562913907;0,718120805369127;0,63914373088685;0,649350649350649;0,664206642066421;171;98;atcattggtagg;a
273;INDEL_lower_path_22522;INS;0,5;0;0,605442176870748;0,661870503597122;0,68944099378882;0,654178674351585;0,584126984126984;0,635714285714286;116;138;tttcatcag;t
274;INDEL_lower_path_14256;INS;0,5;0;0,492592592592593;0,477911646586345;0,467598475222363;0,521091811414392;0,546184738955823;0,436849925705795;100;67;ttaatta;t
275;INDEL_lower_path_586;INS;0,5;0;0,638888888888889;0,689695550351288;0,65547263681592;0,719153936545241;0,730053191489362;0,697674418604651;85;53;tgggag;t
276;INDEL_lower_path_22415;INS;0,5;0;0,473551637279597;0,503030303030303;0,41219512195122;0,470748299319728;0,47562776957164;0,540816326530612;212;69;ag;a
277;INDEL_lower_path_11740;INS;0,5;0;0,362857142857143;0,422360248447205;0,396984924623116;0,372703412073491;0,430769230769231;0,4185303514377;69;188;cca;c
278;INDEL_lower_path_30916;INS;0,5;0;0,599740932642487;0,623642943305187;0,699223085460599;0,635451505016722;0,678025851938895;0,688524590163934;92;62;cag;c
279;INDEL_lower_path_27068;INS;0,5;0;0,482638888888889;0,409495548961424;0,471810089020771;0,477401129943503;0,529577464788732;0,511976047904192;153;124;aa;a
280;INDEL_lower_path_28312;INS;0,5;0;0,519230769230769;0,512295081967213;0,462450592885375;0,503623188405797;0,478723404255319;0,558333333333333;151;95;tt;t
281;INDEL_lower_path_19257;INS;0,5;0;0,495049504950495;0,398907103825137;0,405882352941176;0,48493543758967;0,450354609929078;0,46583850931677;102;108;gtc;g
282;INDEL_lower_path_6277;INS;0,277777777777778;0,496;0,138483965014577;0,180672268907563;0,15;0,0989010989010989;0,117117117117117;0,146167557932264;231;67;cca;c
283;INDEL_lower_path_10566;INS;0,5;0;0,757619738751814;0,700854700854701;0,734026745913819;0,692708333333333;0,749636098981077;0,769452449567723;204;77;gaacga;g
284;INDEL_lower_path_27385;INS;0,5;0;0,417543859649123;0,483394833948339;0,411347517730496;0,455197132616487;0,464944649446494;0,453781512605042;125;146;agg;a
285;INDEL_lower_path_268;INS;0,5;0;0,692216981132076;0,74934725848564;0,669108669108669;0,75;0,712062256809339;0,723781388478582;85;79;ct;c
286;INDEL_lower_path_22060;INS;0,5;0;0,753875968992248;0,731731731731732;0,741152679474216;0,667616334283001;0,723342939481268;0,73396674584323;86;69;aactacc;a
287;INDEL_lower_path_2326;INS;0,5;0;0,433431952662722;0,516499282639885;0,464516129032258;0,506891271056662;0,444444444444444;0,490367775831874;75;53;acggc;a
288;INDEL_lower_path_21098;INS;0,5;0;0,813664596273292;0,774957698815567;0,773722627737226;0,839393939393939;0,80410447761194;0,82824427480916;51;190;cag;c
289;INDEL_lower_path_6080;INS;0,152777777777778;0,504132231404959;0,880446927374302;0,844868735083532;0,882571075401731;0,866527632950991;0,882208588957055;0,864385297845374;84;144;ggg;g
290;INDEL_lower_path_19280;INS;0,152777777777778;0,504132231404959;0,867418899858956;0,898916967509025;0,897651006711409;0,900651465798046;0,83553597650514;0,890070921985816;63;179;gagca;g
291;INDEL_lower_path_25392;INS;0,5;0;0,524793388429752;0,416961130742049;0,428571428571429;0,48;0,496323529411765;0,460580912863071;86;190;tg;t
292;INDEL_lower_path_710;INS;0,5;0;0,679699248120301;0,583883751651255;0,624123422159888;0,650273224043716;0,644295302013423;0,674603174603175;97;94;tg;t
293;INDEL_lower_path_16478;INS;0,5;0;0,730205278592375;0,708571428571429;0,750759878419453;0,706601466992665;0,708333333333333;0,65359477124183;175;90;agatctgctcgtccac;a
294;INDEL_lower_path_15077;INS;0,152777777777778;0,504132231404959;0,834415584415584;0,915343915343915;0,888709677419355;0,885579937304075;0,865448504983389;0,895372233400402;213;60;cgcaaagccc;c
295;INDEL_lower_path_19791;INS;0,5;0;0,573705179282868;0,645522388059701;0,67595818815331;0,629746835443038;0,583657587548638;0,624472573839662;201;95;cg;c
296;INDEL_lower_path_9434;INS;0,5;0;0,684627575277338;0,631510416666667;0,655375552282769;0,591587516960651;0,593974175035868;0,66403162055336;207;50;aagc;a
297;INDEL_lower_path_10291;INS;0,5;0;0,585365853658537;0,630434782608696;0,569078947368421;0,628205128205128;0,544483985765125;0,542435424354244;116;171;gta;g
298;INDEL_lower_path_31420;INS;0,5;0;0,588235294117647;0,525951557093426;0,547445255474453;0,585185185185185;0,545126353790614;0,481060606060606;196;97;gg;g
299;INDEL_lower_path_2893;INS;0,486111111111111;0,265306122448979;0,799422799422799;0,819259259259259;0,871753246753247;0,789699570815451;0,811290322580645;0,785947712418301;52;245;gt;g
300;INDEL_lower_path_20170;INS;0,5;0;0,736206896551724;0,658252427184466;0,626482213438735;0,638640429338104;0,75219683655536;0,687258687258687;193;59;gc;g
301;INDEL_lower_path_4775;INS;0,5;0;0,334975369458128;0,341463414634146;0,333333333333333;0,35781990521327;0,364734299516908;0,303178484107579;91;127;cagt;c
302;INDEL_lower_path_10140;INS;0;NA;0,868;0,857142857142857;0,85997171145686;0,897560975609756;0,94109396914446;0,929577464788732;155;52;cag;c
303;INDEL_lower_path_2049;INS;0,5;0;0,460510328068044;0,511685116851168;0,606598984771574;0,554817275747508;0,45911214953271;0,538787023977433;219;69;at;a
304;INDEL_lower_path_30168;INS;0,5;0;0,511173184357542;0,472067039106145;0,46583850931677;0,55858310626703;0,548780487804878;0,557768924302789;78;108;gag;g
305;INDEL_lower_path_26475;INS;0,5;0;0,492396813902969;0,480205278592375;0,48374613003096;0,557301899148658;0,533657745336577;0,539608574091333;68;84;cacc;c
306;INDEL_lower_path_21144;INS;0,5;0;0,587257617728532;0,579945799457995;0,445482866043614;0,605960264900662;0,650519031141868;0,658088235294118;209;76;at;a
307;INDEL_lower_path_450;INS;0,5;0;0,443636363636364;0,510373443983402;0,421487603305785;0,421052631578947;0,429787234042553;0,37246963562753;100;86;tt;t
308;INDEL_lower_path_4356;INS;0,5;0;0,439024390243902;0,267647058823529;0,321656050955414;0,400510204081633;0,408955223880597;0,317880794701987;122;177;ct;c
309;INDEL_lower_path_27684;INS;0,5;0;0,395161290322581;0,368029739776952;0,502057613168724;0,36078431372549;0,406130268199234;0,329166666666667;87;108;ctcttct;c
310;INDEL_lower_path_17857;INS;0,5;0;0,578313253012048;0,598513011152416;0,621323529411765;0,501779359430605;0,476190476190476;0,568181818181818;101;166;acta;a
311;INDEL_lower_path_7496;INS;0,5;0;0,426724137931034;0,396193771626298;0,416083916083916;0,388135593220339;0,319932998324958;0,282692307692308;53;204;attacaaccac;a
312;INDEL_lower_path_29742;INS;0,5;0;0,302180685358255;0,297650130548303;0,275401069518717;0,305135951661631;0,289036544850498;0,172506738544474;72;161;ctgg;c
313;INDEL_lower_path_65;INS;0,5;0;0,662269129287599;0,763085399449036;0,758807588075881;0,761904761904762;0,723809523809524;0,834415584415584;200;97;ctaaccaaa;c
314;INDEL_lower_path_146;INS;0,486111111111111;0,265306122448979;0,167272727272727;0,125816993464052;0,261180679785331;0,22;0,185383244206774;0,176363636363636;115;66;cactc;c
315;INDEL_lower_path_28881;INS;0,5;0;0,681159420289855;0,672858617131063;0,604796663190824;0,595723014256619;0,621436716077537;0,745849297573435;107;212;at;a
316;INDEL_lower_path_2868;INS;0,444444444444444;0,4;0,833962264150943;0,834296724470135;0,878181818181818;0,789783889980354;0,776119402985075;0,9;57;195;caaaatctagcttactctagcttttctcca;c
317;INDEL_lower_path_1264;INS;0,277777777777778;0,496;0,145285935085008;0,0755007704160247;0,147487844408428;0,0998531571218796;0,165261382799325;0,190556492411467;234;63;tgttaat;t
318;INDEL_lower_path_3064;INS;0,5;0;0,389090909090909;0,469178082191781;0,409722222222222;0,508591065292096;0,360544217687075;0,465811965811966;224;84;cca;c
319;INDEL_lower_path_28130;INS;0,5;0;0,413223140495868;0,347181008902077;0,380952380952381;0,340599455040872;0,422651933701657;0,44280442804428;63;141;gtatc;g
320;INDEL_lower_path_31091;INS;0,5;0;0,494724501758499;0,317100792751982;0,46046511627907;0,435847208619001;0,388111888111888;0,475382003395586;139;77;gtgtgtcagggg;g
321;INDEL_lower_path_30339;INS;0,5;0;0,728125;0,820301783264746;0,791066282420749;0,826573426573427;0,760709010339734;0,709821428571429;87;192;tttttaatgcc;t
322;INDEL_lower_path_26128;INS;0,5;NA;0,443661971830986;0,418803418803419;0,382239382239382;0,397590361445783;0,37280701754386;0,412790697674419;82;181;cagtacg;c
323;INDEL_lower_path_15868;INS;0,5;NA;0,401069518716578;0,443946188340807;0,585470085470085;0,479820627802691;0,579710144927536;0,426751592356688;122;116;atctgctt;a
324;INDEL_lower_path_29482;INS;0,5;0;0,807471264367816;0,712530712530713;0,668711656441718;0,838283828382838;0,785478547854785;0,798941798941799;61;78;ggagac;g
325;INDEL_lower_path_140;INS;0,5;0;0,453389830508475;0,496062992125984;0,394422310756972;0,39647577092511;0,52156862745098;0,338028169014085;149;127;cc;c
326;INDEL_lower_path_15969;INS;0,5;0;0,339421613394216;0,340643274853801;0,472402597402597;0,411671924290221;0,383636363636364;0,352189781021898;201;53;atc;a
327;INDEL_lower_path_21299;INS;0,5;0;0,559633027522936;0,442196531791908;0,570652173913043;0,624338624338624;0,480243161094225;0,411764705882353;161;132;tc;t
328;INDEL_lower_path_8083;INS;0,5;NA;0,52156862745098;0,608040201005025;0,545893719806763;0,74384236453202;0,572192513368984;0,646408839779006;50;212;aatgaaacacgcgcacacagaa;a
329;INDEL_lower_path_1301;INS;0,5;0;0,75591985428051;0,780040733197556;0,744101633393829;0,755371900826446;0,76504854368932;0,761261261261261;175;51;cggaataataactagggcgaaaa;c
330;INDEL_lower_path_9027;INS;0,5;0;0,506521739130435;0,549019607843137;0,498896247240618;0,47027027027027;0,500575373993095;0,480295566502463;170;54;ggac;g
331;INDEL_lower_path_27628;INS;0,152777777777778;0,504132231404959;0,103711790393013;0,0798165137614679;0,0420860018298261;0,0730804810360777;0,0752688172043011;0,151927437641723;85;50;gg;g
332;INDEL_lower_path_30233;INS;0,5;0;0,451523545706371;0,470967741935484;0,369014084507042;0,350125944584383;0,39572192513369;0,298780487804878;98;146;tttgcaaaag;t
333;INDEL_lower_path_2182;INS;0,277777777777778;0,496;0,90014684287812;0,840782122905028;0,856152512998267;0,863955119214586;0,821768707482993;0,863105175292154;222;50;gcgctggagggcgggatcgccatcttctc;g
334;INDEL_lower_path_6103;INS;0,5;0;0,38006230529595;0,292253521126761;0,40377358490566;0,308383233532934;0,342105263157895;0,224576271186441;69;82;ggt;g
335;INDEL_lower_path_3845;INS;0,5;0;0,406040268456376;0,423880597014925;0,384615384615385;0,542416452442159;0,479365079365079;0,438405797101449;126;113;ctcccgctt;c
336;INDEL_lower_path_31927;INS;0,5;0;0,635294117647059;0,568181818181818;0,563218390804598;0,646258503401361;0,52437223042836;0,646417445482866;68;105;aa;a
337;INDEL_lower_path_964;INS;0,375;0,466666666666667;0,173102529960053;0,225212464589235;0,125560538116592;0,139290407358739;0,1046875;0,172859450726979;224;79;ca;c
338;INDEL_lower_path_26696;INS;0,486111111111111;0,265306122448979;0,160075329566855;0,253493013972056;0,209821428571429;0,229480737018425;0,150837988826816;0,141843971631206;60;142;ct;c
339;INDEL_lower_path_14240;INS;0,5;0;0,685714285714286;0,806970509383378;0,766839378238342;0,762214983713355;0,778975741239892;0,617924528301887;66;167;ctacagag;c
340;INDEL_lower_path_25744;INS;0,5;0;0,484790874524715;0,600973236009732;0,411633109619687;0,573275862068966;0,532150776053215;0,435028248587571;103;142;ccc;c
341;INDEL_lower_path_1201;INS;0,5;0;0,424929178470255;0,480916030534351;0,438108484005563;0,469987228607918;0,42798353909465;0,625194401244168;75;183;cga;c
342;INDEL_lower_path_4965;INS;0,5;0;0,424342105263158;0,35207100591716;0,333333333333333;0,354938271604938;0,387755102040816;0,326086956521739;63;84;ac;a
343;INDEL_lower_path_12412;INS;0,5;0;0,513422818791946;0,474452554744526;0,560311284046693;0,581314878892734;0,507142857142857;0,701357466063348;69;81;tc;t
344;INDEL_lower_path_571;INS;0,375;0,466666666666667;0,888888888888889;0,795918367346939;0,86744966442953;0,825657894736842;0,831918505942275;0,901960784313726;66;187;gg;g
345;INDEL_lower_path_885;INS;0,486111111111111;0,265306122448979;0,763852242744063;0,886872998932764;0,850055126791621;0,80905752753978;0,834804539722573;0,796242774566474;64;230;ag;a
346;INDEL_lower_path_14798;INS;0,5;0;0,716363636363636;0,540322580645161;0,608;0,522388059701492;0,707224334600761;0,64804469273743;213;91;ag;a
347;INDEL_lower_path_18852;INS;0,5;0;0,696055684454756;0,707093821510298;0,699052132701422;0,829113924050633;0,736842105263158;0,681395348837209;121;141;gttg;g
348;INDEL_lower_path_30806;INS;0,5;0;0,660079051383399;0,554016620498615;0,545321637426901;0,596153846153846;0,617992177314211;0,705705705705706;55;88;cg;c
349;INDEL_lower_path_8128;INS;0,5;0;0,782244556113903;0,808373590982287;0,737649063032368;0,758039816232772;0,821497120921305;0,825454545454545;88;198;atgag;a
350;INDEL_lower_path_18578;INS;0,5;0;0,594594594594595;0,569169960474308;0,593220338983051;0,510869565217391;0,591054313099042;0,57421875;175;85;cg;c
351;INDEL_lower_path_30087;INS;0,5;0;0,822254335260116;0,786032689450223;0,802839116719243;0,82016348773842;0,829032258064516;0,770967741935484;50;228;tggtagtccgac;t
352;INDEL_lower_path_25593;INS;0,5;0;0,496807151979566;0,478092783505155;0,54478527607362;0,544258373205742;0,515566625155666;0,52773826458037;193;88;gtcag;g
353;INDEL_lower_path_74;INS;0,5;0;0,481308411214953;0,492125984251969;0,574545454545454;0,545774647887324;0,459016393442623;0,6;91;134;actcatt;a
354;INDEL_lower_path_23205;INS;0,5;0;0,443548387096774;0,385245901639344;0,291497975708502;0,260296540362438;0,29979035639413;0,433852140077821;79;51;gggag;g
355;INDEL_lower_path_805;INS;0,5;0;0,363164721141375;0,534526854219949;0,423873325213155;0,356968215158924;0,373015873015873;0,370044052863436;170;62;atactgc;a
356;INDEL_lower_path_11921;INS;0,5;0;0,619377162629758;0,59375;0,758620689655172;0,768924302788845;0,631799163179916;0,590062111801242;72;72;tc;t
357;INDEL_lower_path_25719;INS;0,5;0;0,671597633136095;0,64906103286385;0,706349206349206;0,630076838638858;0,706638115631692;0,557867360208062;52;108;cct;c
358;INDEL_lower_path_5877;INS;0,5;0;0,295668549905838;0,377425044091711;0,238188976377953;0,241086587436333;0,32934131736527;0,331395348837209;187;102;agt;a
359;INDEL_lower_path_843;INS;0,5;0;0,4425;0,439226519337017;0,385074626865672;0,506276150627615;0,494736842105263;0,305232558139535;175;120;ag;a
360;INDEL_lower_path_8045;INS;0,5;0;0,414035087719298;0,572347266881029;0,505882352941176;0,530546623794212;0,527331189710611;0,419354838709677;122;50;gga;g
361;INDEL_lower_path_7724;INS;0,5;0;0,691056910569106;0,671586715867159;0,6544;0,587939698492462;0,745916515426497;0,635687732342007;70;205;caa;c
362;INDEL_lower_path_4217;INS;0,5;0;0,297652582159624;0,249329758713137;0,268172888015717;0,308388157894737;0,215384615384615;0,3715953307393;76;61;aag;a
363;INDEL_lower_path_12797;INS;0,375;0,466666666666667;0,912280701754386;0,862442040185471;0,793831168831169;0,84182776801406;0,834990059642147;0,883259911894273;124;51;cgtcacttctacgatgacatcgaagagcgtgagagagcgagacggtgatgacatcgatttatgacatcacagcagtgacgt;c
364;INDEL_lower_path_21203;INS;0,5;0;0,656357388316151;0,6070826306914;0,638257575757576;0,57825370675453;0,713461538461538;0,55;208;62;ttcatctctctat;t
365;INDEL_lower_path_17738;INS;0,5;0;0,645669291338583;0,564393939393939;0,636029411764706;0,581818181818182;0,622406639004149;0,710084033613445;53;113;ggtat;g
366;INDEL_lower_path_21241;INS;0,5;0;0,628834355828221;0,729658792650919;0,680351906158358;0,620603015075377;0,590296495956873;0,706231454005935;225;88;gg;g
367;INDEL_lower_path_341;INS;0,5;0;0,529715762273902;0,585714285714286;0,530805687203791;0,465393794749403;0,440944881889764;0,533163265306122;82;166;ata;a
368;INDEL_lower_path_24310;INS;0,5;0;0,303448275862069;0,395973154362416;0,446254071661238;0,570093457943925;0,350340136054422;0,418918918918919;69;117;aa;a
369;INDEL_lower_path_28093;INS;0,5;0;0,733333333333333;0,729064039408867;0,706849315068493;0,733333333333333;0,710900473933649;0,744262295081967;224;61;ct;c
370;INDEL_lower_path_558;INS;0,5;0;0,309178743961353;0,296108291032149;0,312210200927357;0,247540983606557;0,236641221374046;0,2;197;91;aga;a
371;INDEL_lower_path_15972;INS;0,5;0;0,490015360983103;0,501474926253687;0,386281588447653;0,438003220611916;0,413544668587896;0,455981941309255;200;86;agcc;a
372;INDEL_lower_path_20516;INS;0,5;0;0,506920415224913;0,480968858131488;0,377295492487479;0,550413223140496;0,498366013071895;0,538934426229508;56;97;ccct;c
373;INDEL_lower_path_4770;INS;0,5;NA;0,383606557377049;0,467181467181467;0,421052631578947;0,308510638297872;0,466876971608833;0,432558139534884;173;71;agc;a
374;INDEL_lower_path_46;INS;0,5;NA;0,491085899513776;0,52962962962963;0,573260073260073;0,493548387096774;0,51888341543514;0,514522821576763;172;106;cg;c
375;INDEL_lower_path_30156;INS;0,5;0;0,786082474226804;0,755494505494505;0,713881019830028;0,634146341463415;0,723943661971831;0,656441717791411;106;116;aatacaaaaa;a
376;INDEL_lower_path_76;INS;0,5;0;0,194513715710723;0,196273291925466;0,209534368070953;0,22198275862069;0,159663865546218;0,226726726726727;52;242;gt;g
377;INDEL_lower_path_18735;INS;0,5;0;0,676204819277108;0,769559032716927;0,684287812041116;0,653171390013495;0,652312599681021;0,651202749140893;247;63;gcc;g
378;INDEL_lower_path_14327;INS;0,5;0;0,406193078324226;0,31015037593985;0,429133858267717;0,3046875;0,307368421052632;0,28169014084507;153;83;cag;c
379;INDEL_lower_path_24086;INS;0,5;0;0,412087912087912;0,481994459833795;0,525581395348837;0,419103313840156;0,428927680798005;0,584527220630372;56;63;ctctttccagg;c
380;INDEL_lower_path_25464;INS;0,5;0;0,712230215827338;0,783001808318264;0,770932069510269;0,758668515950069;0,666083916083916;0,754601226993865;110;63;ac;a
381;INDEL_lower_path_19474;INS;0,5;0;0,669683257918552;0,688524590163934;0,588;0,723472668810289;0,605960264900662;0,684684684684685;70;67;ctgtctggctgg;c
382;INDEL_lower_path_31616;INS;0,152777777777778;0,504132231404959;0,92836676217765;0,898448519040903;0,809278350515464;0,875;0,933042212518195;0,911450381679389;219;88;tttc;t
383;INDEL_lower_path_20823;INS;0,5;0;0,784869976359338;0,675544794188862;0,605263157894737;0,667391304347826;0,662037037037037;0,643874643874644;109;179;tc;t
384;INDEL_lower_path_29088;INS;0,5;0;0,602941176470588;0,638230647709321;0,591679506933744;0,552155771905424;0,580645161290323;0,651724137931035;63;61;gcc;g
385;INDEL_lower_path_2967;INS;0,5;0;0,530405405405405;0,412969283276451;0,446540880503145;0,471947194719472;0,460207612456747;0,449392712550607;142;88;aca;a
386;INDEL_lower_path_2954;INS;0,152777777777778;0,504132231404959;0,887165021156558;0,967441860465116;0,9209726443769;0,843441466854725;0,939759036144578;0,940803382663848;58;78;tg;t
387;INDEL_lower_path_209;INS;0,5;0;0,412969283276451;0,450354609929078;0,553008595988539;0,524305555555556;0,425454545454545;0,384083044982699;227;108;ac;a
388;INDEL_lower_path_15416;INS;0,5;0;0,425196850393701;0,337037037037037;0,284210526315789;0,331896551724138;0,341911764705882;0,221590909090909;108;66;ac;a
389;INDEL_lower_path_28709;INS;0,5;0;0,626712328767123;0,798319327731092;0,703557312252964;0,707865168539326;0,718518518518519;0,712962962962963;159;128;cgact;c
390;INDEL_lower_path_15675;INS;0,5;0;0,680933852140078;0,501766784452297;0,707746478873239;0,733590733590734;0,589430894308943;0,655555555555556;115;171;ctctcag;c
391;INDEL_lower_path_30490;INS;0,5;0;0,727941176470588;0,68361581920904;0,754789272030651;0,650817236255572;0,699280575539568;0,73991935483871;136;57;aa;a
392;INDEL_lower_path_30956;INS;0,5;0;0,768181818181818;0,75382932166302;0,784119106699752;0,726303317535545;0,80952380952381;0,754411764705882;89;59;aa;a
393;INDEL_lower_path_9172;INS;0,486111111111111;0,265306122448979;0,842105263157895;0,843390804597701;0,914285714285714;0,844413012729844;0,829545454545455;0,808972503617945;195;67;agag;a
394;INDEL_lower_path_20959;INS;0,5;0;0,454225352112676;0,406340057636888;0,404458598726115;0,557692307692308;0,325732899022801;0,203703703703704;91;77;at;a
395;INDEL_lower_path_25783;INS;0,152777777777778;0,504132231404959;0,854632587859425;0,928358208955224;0,896284829721362;0,93343653250774;0,839607201309329;0,895575221238938;77;197;tg;t
396;INDEL_lower_path_76;INS;0,5;0;0,338056680161943;0,403805496828753;0,448559670781893;0,337078651685393;0,343544857768053;0,607920792079208;161;131;ca;c
397;INDEL_lower_path_26043;INS;0,444444444444444;0,4;0,189239332096475;0,0948275862068966;0,159309021113244;0,0920770877944326;0,186516853932584;0,151898734177215;54;203;cag;c
398;INDEL_lower_path_13115;INS;0,277777777777778;0,496;0,123355263157895;0,110223642172524;0,262738853503185;0,120639534883721;0,154198473282443;0,12043795620438;253;66;tct;t
399;INDEL_lower_path_25176;INS;0,5;0;0,696078431372549;0,662162162162162;0,587719298245614;0,666666666666667;0,58695652173913;0,684713375796178;127;112;cacggtccaagtggag;c
400;INDEL_lower_path_28737;INS;0,486111111111111;0,265306122448979;0,751401869158879;0,691228070175439;0,736283185840708;0,824372759856631;0,796672828096118;0,971204188481675;70;61;tcctg;t
401;INDEL_lower_path_21377;INS;0,486111111111111;0,265306122448979;0,202190395956192;0,274685816876122;0,160482374768089;0,205128205128205;0,133809099018733;0,212649945474373;57;70;ac;a
402;INDEL_lower_path_224;INS;0,5;0;0,352078239608802;0,38618925831202;0,343023255813954;0,352617079889807;0,34393063583815;0,206896551724138;172;122;at;a
403;INDEL_lower_path_12849;INS;0,5;0;0,730639730639731;0,58974358974359;0,76;0,745810055865922;0,649842271293375;0,603333333333333;112;113;aatgcaa;a
404;INDEL_lower_path_29004;INS;0,5;0;0,558988764044944;0,585507246376812;0,498542274052478;0,602739726027397;0,525065963060686;0,456140350877193;60;134;ttacagctcggctggtcagcatgagtc;t
405;INDEL_lower_path_17065;INS;0,5;0;0,345029239766082;0,542056074766355;0,40153452685422;0,54;0,474619289340102;0,601246105919003;80;86;aagttggatt;a
406;INDEL_lower_path_26658;INS;0,5;0;0,516981132075472;0,59106529209622;0,423728813559322;0,488372093023256;0,432330827067669;0,437735849056604;115;146;att;a
407;INDEL_lower_path_25171;INS;0,5;0;0,61328125;0,666666666666667;0,529850746268657;0,635036496350365;0,635714285714286;0,591836734693878;123;152;agg;a
408;INDEL_lower_path_2641;INS;0,5;0;0,408983451536643;0,418316831683168;0,407744874715262;0,403508771929825;0,392105263157895;0,41005291005291;118;98;gtt;g
409;INDEL_lower_path_27671;INS;0,5;NA;0,691629955947137;0,610878661087866;0,651452282157676;0,714285714285714;0,526104417670683;0,569948186528497;162;118;tc;t
410;INDEL_lower_path_11171;INS;0,5;0;0,448028673835125;0,340983606557377;0,362934362934363;0,470394736842105;0,419213973799127;0,434782608695652;116;80;ctccccggtc;c
411;INDEL_lower_path_6354;INS;0;NA;0,924302788844621;0,891734575087311;0,897637795275591;0,921311475409836;0,893271461716937;0,932849364791289;57;70;tgt;t
412;INDEL_lower_path_2270;INS;0,5;0;0,652173913043478;0,687707641196013;0,637931034482759;0,646853146853147;0,632867132867133;0,641891891891892;53;157;aa;a
413;INDEL_lower_path_25620;INS;0,5;NA;0,401544401544402;0,422939068100358;0,463302752293578;0,433460076045627;0,45662100456621;0,412371134020619;200;62;cat;c
414;INDEL_lower_path_2131;INS;0,5;0;0,612382234185733;0,567771084337349;0,575671852899576;0,646802325581395;0,708754208754209;0,728597449908925;61;59;ag;a
415;INDEL_lower_path_4422;INS;0,5;0;0,575172413793103;0,577597840755736;0,639189189189189;0,614489003880983;0,57245337159254;0,574468085106383;222;65;ta;t
416;INDEL_lower_path_30853;INS;0,5;0;0,760264900662252;0,710027100271003;0,677342823250296;0,645042839657283;0,635743519781719;0,774733637747336;226;72;ttc;t
417;INDEL_lower_path_20847;INS;0,5;0;0,602523659305994;0,405498281786942;0,570224719101124;0,548387096774194;0,616045845272206;0,645408163265306;78;184;cc;c
418;INDEL_lower_path_30090;INS;0,5;0;0,326530612244898;0,477744807121662;0,363636363636364;0,340966921119593;0,402402402402402;0,430508474576271;99;108;gc;g
419;INDEL_lower_path_21478;INS;0,5;0;0,439628482972136;0,621160409556314;0,524271844660194;0,537974683544304;0,467320261437909;0,465703971119134;65;168;cc;c
420;INDEL_lower_path_20508;INS;0,5;0;0,413793103448276;0,467532467532468;0,431818181818182;0,495702005730659;0,432506887052342;0,46551724137931;51;129;ccccgttactgatgaaataa;c
421;INDEL_lower_path_10233;INS;0,5;0;0,362869198312236;0,344988344988345;0,380851063829787;0,385518590998043;0,40891472868217;0,333333333333333;105;115;cat;c
422;INDEL_lower_path_29904;INS;0,444444444444444;0,4;0,854700854700855;0,812585499316005;0,792328042328042;0,781440781440781;0,90436005625879;0,811239193083574;73;207;ag;a
423;INDEL_lower_path_1938;INS;0,5;0;0,661290322580645;0,776548672566372;0,714893617021277;0,785977859778598;0,727272727272727;0,757369614512472;227;52;gaaaggatctgggttcgatccccaacgtcctcagtctag;g
424;INDEL_lower_path_2466;INS;0,152777777777778;0,504132231404959;0,851239669421488;0,952314165497896;0,93172119487909;0,857881136950904;0,933634992458522;0,86687306501548;140;81;tgtatgtgtgt;t
425;INDEL_lower_path_357;INS;0,5;0;0,310204081632653;0,414715719063545;0,31496062992126;0,319620253164557;0,253846153846154;0,25;107;140;attc;a
426;INDEL_lower_path_2342;INS;0,5;0;0,412371134020619;0,352380952380952;0,423333333333333;0,347517730496454;0,438735177865613;0,214592274678112;89;85;ag;a
427;INDEL_lower_path_2535;INS;0,5;0;0,63728813559322;0,592295345104334;0,54270462633452;0,693023255813954;0,650793650793651;0,603515625;75;86;ggccccacgaca;g
428;INDEL_lower_path_21411;INS;0,5;0;0,599236641221374;0,64453125;0,597826086956522;0,722419928825623;0,628691983122363;0,607305936073059;123;76;tg;t
429;INDEL_lower_path_1297;INS;0,5;0;0,504255319148936;0,449744463373083;0,458661417322835;0,492565055762082;0,453154875717017;0,266871165644172;193;61;act;a
430;INDEL_lower_path_29363;INS;0,5;0;0,504398826979472;0,424050632911392;0,448387096774194;0,476323119777159;0,438271604938272;0,560126582278481;168;123;ct;c
431;INDEL_lower_path_2874;INS;0,5;NA;0,652014652014652;0,514084507042254;0,598484848484849;0,554006968641115;0,545787545787546;0,509803921568627;71;128;accataatacatgtattgtagtactatctcttgtgttgcacaACACAG;a
432;INDEL_lower_path_2208;INS;0,5;0;0,596091205211726;0,711743772241993;0,654088050314465;0,637770897832817;0,6;0,682403433476395;128;88;tgccataggctgaca;t
433;INDEL_lower_path_269;INS;0,5;0;0,679951690821256;0,605005440696409;0,800959232613909;0,691830403309204;0,718787878787879;0,603295310519645;90;198;ttcactgag;t
434;INDEL_lower_path_12824;INS;0,5;0;0,31858407079646;0,459807073954984;0,281645569620253;0,366863905325444;0,305232558139535;0,239130434782609;131;146;tcccctggggca;t
435;INDEL_lower_path_16801;INS;0,152777777777778;0,504132231404959;0,151745068285281;0,145234493192133;0,140695915279879;0,075503355704698;0,0827814569536424;0,146993318485523;61;214;tat;t
436;INDEL_lower_path_13161;INS;0,444444444444444;0,4;0,891745602165088;0,75609756097561;0,821525885558583;0,87515762925599;0,821522309711286;0,792421746293245;71;83;gc;g
437;INDEL_lower_path_10196;INS;0,5;0;0,605532786885246;0,692383778437191;0,590575916230367;0,613935969868173;0,65;0,518477043673012;110;110;acacacaat;a
438;INDEL_lower_path_18421;INS;0,5;0;0,665529010238908;0,529824561403509;0,68561872909699;0,687272727272727;0,688259109311741;0,628;85;52;ct;c
439;INDEL_lower_path_1648;INS;0,152777777777778;0,504132231404959;0,0563798219584569;0,0888192267502612;0,169603524229075;0,120352250489237;0,116939890710382;0,0747330960854092;50;187;cac;c
440;INDEL_lower_path_1564;INS;0,5;NA;0,555555555555556;0,647773279352227;0,545180722891566;0,516717325227964;0,551083591331269;0,628019323671498;81;101;gtgggtg;g
441;INDEL_lower_path_5347;INS;0,5;0;0,740532959326788;0,60875512995896;0,71898355754858;0,68258064516129;0,6976;0,637747336377473;74;220;cgt;c
442;INDEL_lower_path_3875;INS;0,5;0;0,58843537414966;0,588068181818182;0,597938144329897;0,582278481012658;0,660839160839161;0,637450199203187;60;149;ag;a
443;INDEL_lower_path_27439;INS;0,5;0;0,682509505703422;0,802656546489564;0,78695652173913;0,65924276169265;0,694835680751174;0,740384615384615;53;129;aac;a
444;INDEL_lower_path_2690;INS;0,5;0;0,564189189189189;0,680921052631579;0,656160458452722;0,668621700879765;0,616477272727273;0,538461538461538;90;115;atgt;a
445;INDEL_lower_path_25378;INS;0,5;0;0,541208791208791;0,600284495021337;0,547288776796974;0,671717171717172;0,625538020086083;0,622388059701493;58;221;gcggcg;g
446;INDEL_lower_path_2772;INS;0,5;0;0,642857142857143;0,638297872340426;0,653846153846154;0,735507246376812;0,629251700680272;0,645914396887159;111;148;ttaac;t
447;INDEL_lower_path_394;INS;0,152777777777778;0,504132231404959;0,802721088435374;0,959090909090909;0,884872824631861;0,958847736625514;0,921896792189679;0,905405405405405;234;75;gt;g
448;INDEL_lower_path_18110;INS;0,152777777777778;0,504132231404959;0,118120805369128;0,0451977401129944;0,0879888268156425;0,153945666235446;0,126275510204082;0,0967213114754099;243;57;caacc;c
449;INDEL_lower_path_2118;INS;0,5;0;0,329706202393906;0,279728199320498;0,32020725388601;0,232804232804233;0,232978723404255;0,253269916765755;52;205;cgata;c
450;INDEL_lower_path_30663;INS;0,152777777777778;0,504132231404959;0,933135215453195;0,946808510638298;0,828647925033467;0,96513249651325;0,874358974358974;0,95253164556962;60;218;ccagcttgtact;c
451;INDEL_lower_path_21397;INS;0,5;0;0,82739420935412;0,816919191919192;0,829389788293898;0,842767295597484;0,848522167487685;0,825905292479109;152;79;gt;g
452;INDEL_lower_path_16857;INS;0,5;0;0,630967741935484;0,582309582309582;0,675844806007509;0,63003663003663;0,607099143206854;0,534666666666667;93;181;ta;t
453;INDEL_lower_path_20876;INS;0;NA;0,855384615384615;0,858529819694868;0,887943262411347;0,871967654986523;0,854519774011299;0,863565891472868;74;214;ac;a
454;INDEL_lower_path_11719;INS;0,5;NA;0,396078431372549;0,466165413533835;0,486792452830189;0,597785977859779;0,555970149253731;0,557213930348259;74;137;gttt;g
455;INDEL_lower_path_16912;INS;0,375;0,466666666666667;0,900352733686067;0,768914473684211;0,830586080586081;0,873251028806584;0,826745164003364;0,900684931506849;109;64;gt;g
456;INDEL_lower_path_17521;INS;0;NA;0,951219512195122;0,96580310880829;0,931769722814499;0,947747747747748;0,857142857142857;0,859284890426759;73;104;tggggctggctgtcatg;t
457;INDEL_lower_path_21326;INS;0,5;0;0,74317617866005;0,741935483870968;0,773739742086753;0,79228855721393;0,762322015334064;0,74189364461738;220;54;ag;a
458;INDEL_lower_path_4795;INS;0,5;NA;0,463251670378619;0,363636363636364;0,415349887133183;0,506666666666667;0,459016393442623;0,557142857142857;66;119;tg;t
459;INDEL_lower_path_5116;INS;0,5;0;0,445639187574671;0,373983739837398;0,317567567567568;0,28310502283105;0,360714285714286;0,350136239782016;190;85;gaggcatgggatgtgatta;g
460;INDEL_lower_path_8378;INS;0,5;0;0,506542056074766;0,47313691507799;0,553429027113238;0,391080617495712;0,472370766488414;0,38255033557047;69;168;gg;g
461;INDEL_lower_path_2719;INS;0,444444444444444;0,4;0,788213627992634;0,859913793103448;0,844322344322344;0,836166924265842;0,880952380952381;0,765060240963855;66;102;ata;a
462;INDEL_lower_path_28523;INS;0,5;NA;0,525423728813559;0,468634686346863;0,560538116591928;0,549586776859504;0,471311475409836;0,388235294117647;71;161;ga;g
463;INDEL_lower_path_1123;INS;0,5;0;0,358789625360231;0,418705035971223;0,301675977653631;0,319534282018111;0,304975922953451;0,29344262295082;51;239;ag;a
464;INDEL_lower_path_20983;INS;0,5;0;0,398717948717949;0,341645885286783;0,486945169712794;0,433333333333333;0,47125;0,419773095623987;226;70;caaagcggag;c
465;INDEL_lower_path_236;INS;0,5;0;0,635446685878962;0,627941176470588;0,67022696929239;0,674450549450549;0,66412213740458;0,604166666666667;192;73;tc;t
466;INDEL_lower_path_20619;INS;0,277777777777778;0,496;0,0925925925925926;0,166402535657686;0,161016949152542;0,131616595135908;0,101328903654485;0,0845070422535211;189;84;ca;c
467;INDEL_lower_path_2698;INS;0,5;0;0,597883597883598;0,628242074927954;0,633522727272727;0,645945945945946;0,623441396508728;0,620071684587814;132;159;tccttggccttgggaccccgcagagc;t
468;INDEL_lower_path_8488;INS;0,5;0;0,59672131147541;0,664335664335664;0,597785977859779;0,542307692307692;0,60536398467433;0,445652173913043;75;92;cac;c
